rank,player,pos,age,team_id,g,gs,mp_per_g,fg_per_g,fga_per_g,fg_pct,fg3_per_g,fg3a_per_g,fg3_pct,fg2_per_g,fg2a_per_g,fg2_pct,efg_pct,ft_per_g,fta_per_g,ft_pct,orb_per_g,drb_per_g,trb_per_g,ast_per_g,stl_per_g,blk_per_g,tov_per_g,pf_per_g,pts_per_g
1,Precious Achiuwa,PF,21,MIA,7,0,15.6,2.9,5.0,.571,0.0,0.0,,2.9,5.0,.571,.571,1.6,3.0,.524,1.7,3.0,4.7,0.9,0.3,0.4,1.3,2.4,7.3
2,Jaylen Adams,PG,24,MIL,1,0,1.0,0.0,1.0,.000,0.0,1.0,.000,0.0,0.0,,.000,0.0,0.0,,0.0,0.0,0.0,0.0,0.0,0.0,0.0,0.0,0.0
3,Steven Adams,C,27,NOP,8,8,30.6,4.4,6.6,.660,0.0,0.0,,4.4,6.6,.660,.660,1.3,2.6,.476,3.5,5.6,9.1,2.6,1.6,0.8,1.9,1.9,10.0
4,Bam Adebayo,C,23,MIA,7,7,31.7,7.1,11.0,.649,0.0,0.0,,7.1,11.0,.649,.649,4.3,5.3,.811,1.1,6.9,8.0,5.1,1.1,1.0,3.3,2.3,18.6
5,LaMarcus Aldridge,C,35,SAS,5,5,26.8,6.6,14.4,.458,1.4,4.8,.292,5.2,9.6,.542,.507,1.0,1.2,.833,0.8,4.0,4.8,2.2,0.2,0.8,1.2,1.8,15.6
6,Ty-Shon Alexander,SG,22,PHO,2,0,2.5,0.0,1.5,.000,0.0,0.5,.000,0.0,1.0,.000,.000,0.0,0.0,,0.0,0.5,0.5,0.5,0.0,0.0,0.0,0.5,0.0
7,Nickeil Alexander-Walker,SG,22,NOP,6,0,14.8,3.2,8.2,.388,1.0,3.7,.273,2.2,4.5,.481,.449,1.0,1.0,1.000,0.3,1.5,1.8,1.3,1.0,0.2,1.2,1.7,8.3
8,Grayson Allen,SG,25,MEM,7,4,19.7,1.1,4.6,.250,1.0,3.9,.259,0.1,0.7,.200,.359,1.1,1.3,.889,0.7,1.6,2.3,2.0,0.7,0.1,0.7,0.6,4.4
9,Jarrett Allen,C,22,BRK,9,2,24.4,3.6,5.0,.711,0.0,0.0,,3.6,5.0,.711,.711,4.1,5.6,.740,3.8,7.8,11.6,1.1,0.6,1.7,1.7,1.7,11.2
10,Kyle Anderson,PF,27,MEM,8,8,31.0,5.6,13.4,.421,1.6,5.6,.289,4.0,7.8,.516,.481,2.1,2.5,.850,1.1,6.8,7.9,3.3,0.4,0.6,2.5,1.9,15.0
11,Giannis Antetokounmpo,PF,26,MIL,8,8,31.3,9.1,17.5,.521,1.3,5.0,.250,7.9,12.5,.630,.557,6.6,10.8,.616,1.9,9.0,10.9,5.4,1.4,0.9,3.5,3.4,26.1
12,Kostas Antetokounmpo,PF,23,LAL,1,0,8.0,0.0,2.0,.000,0.0,0.0,,0.0,2.0,.000,.000,0.0,0.0,,0.0,4.0,4.0,0.0,0.0,2.0,2.0,1.0,0.0
13,Thanasis Antetokounmpo,SF,28,MIL,7,0,11.1,1.4,2.1,.667,0.1,0.6,.250,1.3,1.6,.818,.700,0.3,0.3,1.000,0.7,1.0,1.7,1.1,0.3,0.1,1.1,2.0,3.3
14,Carmelo Anthony,PF,36,POR,7,0,24.3,3.6,8.7,.410,1.6,3.6,.440,2.0,5.1,.389,.500,3.3,3.6,.920,0.3,3.3,3.6,1.1,0.7,0.1,0.9,2.3,12.0
15,Cole Anthony,PG,20,ORL,8,0,21.5,2.9,9.5,.303,0.5,2.6,.190,2.4,6.9,.345,.329,2.4,2.5,.950,1.3,3.6,4.9,3.4,0.4,0.3,1.1,1.8,8.6
16,OG Anunoby,SF,23,TOR,7,7,35.3,4.4,9.4,.470,1.7,5.9,.293,2.7,3.6,.760,.561,2.3,3.3,.696,1.4,4.6,6.0,1.6,1.9,0.6,1.4,3.1,12.9
17,Ryan Arcidiacono,PG,26,CHI,2,0,14.0,1.5,4.5,.333,0.5,2.5,.200,1.0,2.0,.500,.389,1.5,1.5,1.000,0.0,3.0,3.0,2.0,1.0,0.0,0.0,1.0,5.0
18,D.J. Augustin,PG,33,MIL,7,0,17.1,2.0,5.0,.400,1.6,3.6,.440,0.4,1.4,.300,.557,1.1,1.1,1.000,0.4,1.1,1.6,2.7,0.4,0.0,1.0,0.7,6.7
19,Deni Avdija,SF,20,WAS,8,8,23.6,2.3,4.8,.474,1.4,3.0,.458,0.9,1.8,.500,.618,0.5,0.9,.571,0.4,3.6,4.0,2.1,1.1,0.4,0.6,2.8,6.4
20,Deandre Ayton,C,22,PHO,8,8,29.6,5.6,9.6,.584,0.1,0.5,.250,5.5,9.1,.603,.591,2.0,2.8,.727,2.9,8.5,11.4,1.8,0.4,1.0,1.6,3.5,13.4
21,Udoka Azubuike,C,21,UTA,3,0,5.7,0.7,1.0,.667,0.0,0.0,,0.7,1.0,.667,.667,0.7,1.3,.500,0.3,0.7,1.0,0.0,0.3,0.3,0.0,0.7,2.0
22,Dwayne Bacon,SG,25,ORL,8,8,24.3,3.8,7.9,.476,0.9,2.5,.350,2.9,5.4,.535,.532,0.6,0.8,.833,0.1,3.1,3.3,1.0,0.4,0.1,0.9,1.3,9.0
23,Marvin Bagley III,PF,21,SAC,8,8,25.4,4.6,11.9,.389,0.9,2.5,.350,3.8,9.4,.400,.426,2.0,3.3,.615,2.8,5.9,8.6,0.8,0.5,0.5,2.3,2.9,12.1
24,LaMelo Ball,PG,19,CHO,8,0,24.0,4.3,10.5,.405,1.5,4.4,.343,2.8,6.1,.449,.476,1.8,2.4,.737,1.6,3.5,5.1,4.9,1.6,0.4,2.1,2.5,11.8
25,Lonzo Ball,PG,23,NOP,8,8,33.1,5.1,12.6,.406,2.4,7.3,.328,2.8,5.4,.512,.500,0.8,1.3,.600,0.5,4.1,4.6,4.6,1.1,0.6,3.0,3.3,13.4
26,Mo Bamba,C,22,ORL,2,0,4.0,0.0,1.0,.000,0.0,0.5,.000,0.0,0.5,.000,.000,0.0,0.0,,0.0,1.5,1.5,0.5,0.0,0.5,0.5,1.5,0.0
27,Desmond Bane,SG,22,MEM,8,0,23.4,3.3,7.3,.448,2.1,4.5,.472,1.1,2.8,.409,.595,0.1,0.3,.500,0.6,2.4,3.0,1.1,0.8,0.0,1.3,1.9,8.8
28,Harrison Barnes,PF,28,SAC,8,8,35.1,6.1,12.5,.490,1.4,3.8,.367,4.8,8.8,.543,.545,3.4,4.4,.771,1.3,5.9,7.1,2.8,0.8,0.3,1.3,0.8,17.0
29,RJ Barrett,SG,20,NYK,8,8,38.1,6.3,16.1,.388,1.0,4.6,.216,5.3,11.5,.457,.419,3.6,4.9,.744,0.9,6.4,7.3,3.4,1.1,0.1,1.8,2.1,17.1
30,Will Barton,SF,30,DEN,8,4,29.3,4.1,10.6,.388,1.3,3.9,.323,2.9,6.8,.426,.447,1.4,2.1,.647,0.6,4.4,5.0,2.9,0.9,0.6,0.9,1.8,10.9
31,Keita Bates-Diop,SF,25,SAS,2,0,1.0,0.0,0.5,.000,0.0,0.0,,0.0,0.5,.000,.000,0.0,0.0,,0.0,0.0,0.0,0.0,0.0,0.0,0.0,0.0,0.0
32,Nicolas Batum,SF,32,LAC,9,9,29.3,3.6,6.9,.516,1.8,3.9,.457,1.8,3.0,.593,.645,1.7,1.8,.938,1.6,4.4,6.0,2.6,0.9,0.2,0.9,2.6,10.6
33,Aron Baynes,C,34,TOR,7,7,19.3,2.4,6.4,.378,0.4,2.3,.188,2.0,4.1,.483,.411,0.0,0.0,,1.6,4.1,5.7,0.6,0.1,0.0,0.9,2.4,5.3
34,Kent Bazemore,SF,31,GSW,6,0,14.7,1.8,3.5,.524,0.8,1.7,.500,1.0,1.8,.545,.643,0.2,0.3,.500,0.5,2.3,2.8,1.8,0.2,0.3,0.7,1.8,4.7
35,Darius Bazley,PF,20,OKC,7,7,30.6,5.0,11.4,.438,1.6,5.1,.306,3.4,6.3,.545,.506,1.6,1.7,.917,0.7,8.3,9.0,1.7,0.6,1.1,2.1,1.1,13.1
36,Bradley Beal,SG,27,WAS,8,8,35.8,11.6,24.3,.479,2.3,6.0,.375,9.4,18.3,.514,.526,8.8,10.1,.864,1.6,3.6,5.3,4.8,1.5,0.6,3.4,2.4,34.3
37,Malik Beasley,SG,24,MIN,8,8,31.0,6.4,14.8,.432,1.9,5.9,.319,4.5,8.9,.507,.496,3.0,3.4,.889,0.8,4.1,4.9,1.9,0.6,0.3,1.1,1.5,17.6
38,DeAndre' Bembry,SF,26,TOR,4,0,3.8,0.3,0.5,.500,0.0,0.0,,0.3,0.5,.500,.500,0.0,0.0,,0.0,0.8,0.8,0.3,0.0,0.3,0.8,0.5,0.5
39,Dāvis Bertāns,PF,28,WAS,8,0,23.8,3.4,9.4,.360,2.6,8.0,.328,0.8,1.4,.545,.500,2.4,2.8,.864,0.6,2.5,3.1,1.1,0.6,0.3,0.5,2.3,11.8
40,Patrick Beverley,PG,32,LAC,9,9,25.2,3.0,6.4,.466,2.1,4.3,.487,0.9,2.1,.421,.629,0.8,0.9,.875,1.4,2.6,4.0,1.7,0.7,0.6,0.8,3.8,8.9
41,Saddiq Bey,SF,21,DET,7,3,22.3,3.1,8.7,.361,2.7,5.9,.463,0.4,2.9,.150,.516,1.4,2.0,.714,0.3,4.7,5.0,1.0,0.6,0.0,0.6,1.6,10.4
42,Khem Birch,C,28,ORL,8,0,19.0,2.8,5.3,.524,0.0,0.0,,2.8,5.3,.524,.524,1.5,1.6,.923,2.5,3.4,5.9,0.9,0.9,0.5,0.8,2.6,7.0
43,Bismack Biyombo,C,28,CHO,8,7,27.5,3.5,6.6,.528,0.0,0.1,.000,3.5,6.5,.538,.528,1.5,3.3,.462,3.1,4.1,7.3,2.6,0.1,1.1,1.3,2.8,8.5
44,Nemanja Bjelica,PF,32,SAC,8,0,16.3,2.4,5.3,.452,0.6,2.0,.313,1.8,3.3,.538,.512,2.1,2.6,.810,1.3,2.8,4.0,2.1,0.0,0.3,1.1,1.9,7.5
45,Eric Bledsoe,SG,31,NOP,8,8,29.5,4.4,9.9,.443,1.9,4.9,.385,2.5,5.0,.500,.538,1.6,2.3,.722,0.6,2.9,3.5,4.1,1.0,0.4,2.0,1.6,12.3
46,Keljin Blevins,SF,25,POR,4,0,5.0,0.3,1.5,.167,0.0,0.8,.000,0.3,0.8,.333,.167,0.0,0.0,,0.0,0.0,0.0,1.0,0.3,0.0,0.8,0.8,0.5
47,Bogdan Bogdanović,SG,28,ATL,8,1,25.3,3.5,9.0,.389,2.5,6.6,.377,1.0,2.4,.421,.528,1.0,1.1,.889,0.3,3.9,4.1,2.4,0.5,0.1,1.1,2.0,10.5
48,Bojan Bogdanović,SF,31,UTA,8,8,30.8,4.1,11.8,.351,2.1,6.3,.340,2.0,5.5,.364,.441,1.4,1.8,.786,0.8,2.6,3.4,1.4,0.4,0.1,1.3,1.5,11.8
49,Bol Bol,PF,21,DEN,3,0,4.7,0.0,1.3,.000,0.0,0.7,.000,0.0,0.7,.000,.000,0.0,0.0,,0.0,0.3,0.3,0.0,0.0,0.3,0.0,0.7,0.0
50,Marques Bolden,C,22,CLE,5,0,3.8,0.2,0.4,.500,0.0,0.0,,0.2,0.4,.500,.500,1.0,1.6,.625,0.2,0.6,0.8,0.0,0.4,0.4,0.0,0.0,1.4
51,Jordan Bone,PG,23,ORL,3,0,8.0,1.7,3.0,.556,0.3,1.0,.333,1.3,2.0,.667,.611,0.0,0.0,,0.7,1.3,2.0,0.7,0.0,0.0,0.0,0.7,3.7
52,Isaac Bonga,SF,21,WAS,5,4,15.0,1.6,2.6,.615,1.0,1.8,.556,0.6,0.8,.750,.808,0.0,0.2,.000,0.6,2.4,3.0,1.0,0.4,0.6,0.6,1.8,4.2
53,Devin Booker,SG,24,PHO,8,8,35.4,7.6,15.6,.488,2.0,5.8,.348,5.6,9.9,.570,.552,4.3,5.5,.773,0.4,3.4,3.8,4.6,0.9,0.3,4.8,2.9,21.5
54,Chris Boucher,C,28,TOR,7,0,19.6,4.3,8.0,.536,1.1,3.0,.381,3.1,5.0,.629,.607,2.4,3.3,.739,1.6,3.9,5.4,0.9,0.6,2.0,0.9,2.7,12.1
55,Avery Bradley,SG,30,MIA,6,1,23.5,3.8,7.2,.535,2.0,4.0,.500,1.8,3.2,.579,.674,1.2,1.5,.778,0.0,1.7,1.7,1.8,1.0,0.2,0.7,2.7,10.8
56,Tony Bradley,C,23,PHI,1,0,17.0,2.0,7.0,.286,0.0,0.0,,2.0,7.0,.286,.286,0.0,1.0,.000,4.0,4.0,8.0,1.0,0.0,2.0,0.0,2.0,4.0
57,Ignas Brazdeikis,SF,22,NYK,2,0,1.0,0.0,0.5,.000,0.0,0.0,,0.0,0.5,.000,.000,1.0,1.0,1.000,0.5,0.5,1.0,0.0,0.0,0.0,0.0,0.0,1.0
58,Mikal Bridges,SF,24,PHO,8,8,33.4,4.5,9.6,.468,2.8,6.0,.458,1.8,3.6,.483,.610,2.3,2.4,.947,1.3,4.1,5.4,1.1,0.6,1.4,0.3,2.1,14.0
59,Miles Bridges,PF,22,CHO,8,0,24.9,3.3,7.9,.413,1.4,3.9,.355,1.9,4.0,.469,.500,0.8,0.8,1.000,1.0,5.6,6.6,1.5,0.8,1.4,2.0,2.1,8.6
60,Malcolm Brogdon,PG,28,IND,8,8,37.3,9.0,17.4,.518,3.1,6.6,.472,5.9,10.8,.547,.608,2.5,2.9,.870,0.5,3.6,4.1,7.0,2.0,0.1,1.6,1.9,23.6
61,Dillon Brooks,SF,25,MEM,8,8,30.3,6.3,16.5,.379,2.4,6.9,.345,3.9,9.6,.403,.451,1.3,1.5,.833,1.4,2.6,4.0,3.4,1.9,0.4,2.9,3.9,16.1
62,Bruce Brown,PG,24,BRK,5,2,10.8,1.4,2.6,.538,0.2,0.8,.250,1.2,1.8,.667,.577,0.0,0.2,.000,0.2,1.8,2.0,1.2,0.2,0.0,1.0,0.8,3.0
63,Jaylen Brown,SG,24,BOS,9,9,34.2,10.4,19.1,.547,2.3,5.7,.412,8.1,13.4,.603,.608,3.0,4.1,.730,1.0,4.4,5.4,3.3,1.7,0.8,2.7,2.9,26.2
64,Moses Brown,C,21,OKC,2,0,4.5,0.5,1.0,.500,0.0,0.0,,0.5,1.0,.500,.500,1.5,5.0,.300,0.5,2.0,2.5,0.0,0.5,0.5,0.0,0.0,2.5
65,Sterling Brown,SG,25,HOU,6,0,19.8,2.8,4.7,.607,1.7,3.2,.526,1.2,1.5,.778,.786,0.3,0.3,1.000,0.2,2.3,2.5,0.7,0.7,0.0,0.3,2.0,7.7
66,Troy Brown Jr.,SF,21,WAS,6,0,16.8,1.7,4.0,.417,0.8,2.3,.357,0.8,1.7,.500,.521,0.0,0.3,.000,0.5,2.2,2.7,1.2,0.2,0.0,0.8,2.2,4.2
67,Jalen Brunson,PG,24,DAL,8,1,19.1,4.0,8.1,.492,0.9,2.8,.318,3.1,5.4,.581,.546,2.3,2.5,.900,0.0,2.5,2.5,3.5,0.5,0.0,1.8,1.1,11.1
68,Thomas Bryant,C,23,WAS,8,8,29.9,7.0,10.5,.667,1.1,2.5,.450,5.9,8.0,.734,.720,1.9,2.8,.682,2.0,4.6,6.6,1.6,0.4,0.9,1.4,3.6,17.0
69,Reggie Bullock,SF,29,NYK,8,8,29.8,3.4,8.8,.386,1.8,5.3,.333,1.6,3.5,.464,.486,0.5,0.9,.571,0.5,4.0,4.5,1.5,0.6,0.3,1.0,3.0,9.0
70,Trey Burke,PG,28,DAL,7,0,17.9,2.4,6.7,.362,1.1,3.3,.348,1.3,3.4,.375,.447,1.1,1.3,.889,0.0,1.4,1.4,1.4,0.6,0.1,0.9,1.7,7.1
71,Alec Burks,SG,29,NYK,3,0,27.7,5.7,10.7,.531,3.3,5.0,.667,2.3,5.7,.412,.688,6.0,6.7,.900,0.0,3.7,3.7,3.7,1.0,0.7,2.3,3.3,20.7
72,Jimmy Butler,SF,31,MIA,5,5,27.6,4.8,11.8,.407,0.0,1.2,.000,4.8,10.6,.453,.407,4.2,4.6,.913,1.4,3.2,4.6,4.6,2.2,0.6,2.2,0.6,13.8
73,Bruno Caboclo,PF,25,HOU,3,0,8.0,1.0,3.3,.300,0.0,1.3,.000,1.0,2.0,.500,.300,0.0,0.0,,0.3,2.0,2.3,0.0,0.0,0.3,1.3,1.3,2.0
74,Kentavious Caldwell-Pope,SG,27,LAL,6,6,23.8,3.3,6.0,.556,1.7,3.2,.526,1.7,2.8,.588,.694,1.7,1.8,.909,0.3,1.2,1.5,1.3,0.8,0.5,0.8,1.8,10.0
75,Facundo Campazzo,PG,29,DEN,7,0,11.4,1.3,2.9,.450,0.9,2.0,.429,0.4,0.9,.500,.600,1.4,1.9,.769,0.0,0.9,0.9,1.3,0.7,0.1,0.9,1.7,4.9
76,Vlatko Čančar,PF,23,DEN,2,0,2.5,0.0,0.5,.000,0.0,0.0,,0.0,0.5,.000,.000,0.0,0.0,,0.0,0.0,0.0,0.0,0.0,0.0,0.5,0.0,0.0
77,Clint Capela,C,26,ATL,6,6,26.2,4.7,8.2,.571,0.0,0.0,,4.7,8.2,.571,.571,0.8,2.5,.333,4.0,9.2,13.2,1.3,0.5,1.2,0.8,2.0,10.2
78,Vernon Carey Jr.,C,19,CHO,1,0,4.0,0.0,2.0,.000,0.0,1.0,.000,0.0,1.0,.000,.000,0.0,0.0,,0.0,1.0,1.0,1.0,0.0,1.0,0.0,0.0,0.0
79,Jevon Carter,PG,25,PHO,8,0,12.0,1.1,3.5,.321,0.5,2.4,.211,0.6,1.1,.556,.393,0.0,0.0,,0.0,1.4,1.4,0.6,0.3,0.3,0.3,1.3,2.8
80,Wendell Carter Jr.,C,21,CHI,9,9,27.2,4.3,8.4,.513,0.3,1.3,.250,4.0,7.1,.563,.533,2.8,4.1,.676,2.2,6.0,8.2,2.8,0.3,0.6,1.7,3.6,11.8
81,Michael Carter-Williams,SG,29,ORL,7,2,22.9,2.1,6.3,.341,0.1,1.7,.083,2.0,4.6,.438,.352,0.7,0.9,.833,2.1,3.0,5.1,1.7,0.6,0.6,1.3,2.7,5.1
82,Alex Caruso,PG,26,LAL,4,0,15.3,2.3,3.5,.643,1.5,2.5,.600,0.8,1.0,.750,.857,0.0,0.0,,0.0,2.0,2.0,1.0,0.5,0.0,1.3,1.5,6.0
83,Willie Cauley-Stein,C,27,DAL,8,2,15.1,2.0,3.1,.640,0.0,0.1,.000,2.0,3.0,.667,.640,1.5,2.4,.632,1.5,3.0,4.5,0.8,0.5,0.5,0.5,3.0,5.5
84,Chris Chiozza,PG,25,BRK,4,0,12.8,2.0,6.0,.333,0.8,2.5,.300,1.3,3.5,.357,.396,1.0,1.5,.667,0.8,0.5,1.3,2.8,0.3,0.5,1.3,1.0,5.8
85,Marquese Chriss,PF,23,GSW,2,0,13.5,2.5,7.0,.357,0.5,2.5,.200,2.0,4.5,.444,.393,1.0,2.0,.500,1.5,5.0,6.5,1.0,0.0,1.0,1.0,1.5,6.5
86,Gary Clark,SF,26,ORL,5,1,17.2,0.8,3.0,.267,0.6,2.4,.250,0.2,0.6,.333,.367,0.2,0.2,1.000,1.2,2.8,4.0,0.6,0.4,0.0,0.8,1.8,2.4
87,Brandon Clarke,PF,24,MEM,8,4,27.5,4.9,10.5,.464,0.4,1.8,.214,4.5,8.8,.514,.482,1.0,2.3,.444,1.5,3.9,5.4,1.3,0.6,0.8,0.8,1.6,11.1
88,Jordan Clarkson,SG,28,UTA,8,0,22.4,5.9,11.9,.495,2.3,5.4,.419,3.6,6.5,.558,.589,1.5,1.6,.923,1.1,2.9,4.0,1.5,1.1,0.3,2.0,1.3,15.5
89,Amir Coffey,SG,23,LAC,7,0,5.1,0.6,1.7,.333,0.3,0.9,.333,0.3,0.9,.333,.417,0.3,0.4,.667,0.1,0.1,0.3,0.4,0.0,0.0,0.0,0.3,1.7
90,John Collins,PF,23,ATL,8,8,28.4,6.9,12.6,.545,1.0,3.1,.320,5.9,9.5,.618,.584,3.1,3.6,.862,2.3,5.3,7.5,1.8,0.6,0.9,1.3,3.8,17.9
91,Mike Conley,PG,33,UTA,8,8,30.9,6.0,13.9,.432,3.0,7.4,.407,3.0,6.5,.462,.541,2.4,3.1,.760,0.9,3.3,4.1,5.1,1.0,0.1,2.6,2.3,17.4
92,Pat Connaughton,SG,28,MIL,6,0,17.2,2.2,4.7,.464,1.7,3.3,.500,0.5,1.3,.375,.643,0.3,0.3,1.000,0.3,3.2,3.5,1.3,0.5,0.3,0.2,0.7,6.3
93,Quinn Cook,PG,27,LAL,6,0,2.8,0.7,1.3,.500,0.3,0.8,.400,0.3,0.5,.667,.625,0.5,0.5,1.000,0.0,0.2,0.2,0.3,0.0,0.0,0.0,0.0,2.2
94,DeMarcus Cousins,C,30,HOU,4,1,12.8,2.0,6.0,.333,0.5,1.3,.400,1.5,4.8,.316,.375,1.3,2.0,.625,0.8,5.3,6.0,1.0,0.5,2.0,1.3,1.8,5.8
95,Robert Covington,PF,30,POR,8,8,30.8,2.3,6.1,.367,1.5,4.6,.324,0.8,1.5,.500,.490,0.6,0.8,.833,0.4,5.1,5.5,1.6,1.5,0.5,1.1,2.9,6.6
96,Torrey Craig,SF,30,MIL,2,0,6.5,0.0,0.5,.000,0.0,0.0,,0.0,0.5,.000,.000,0.0,0.0,,0.0,2.0,2.0,1.0,0.0,0.5,0.5,1.0,0.0
97,Jae Crowder,PF,30,PHO,8,8,29.6,3.9,8.6,.449,2.6,6.6,.396,1.3,2.0,.625,.601,1.0,1.3,.800,0.4,4.1,4.5,2.3,0.6,0.1,0.8,2.5,11.4
98,Jarrett Culver,SG,21,MIN,8,5,23.3,3.4,7.8,.435,0.6,2.5,.250,2.8,5.3,.524,.476,1.0,1.6,.615,2.5,3.6,6.1,0.6,0.8,0.3,1.6,2.3,8.4
99,Seth Curry,SG,30,PHI,8,8,30.0,5.9,9.8,.603,3.1,5.3,.595,2.8,4.5,.611,.763,2.1,2.1,1.000,0.1,2.1,2.3,3.6,0.8,0.4,1.5,1.8,17.0
100,Stephen Curry,PG,32,GSW,8,8,33.3,9.3,20.8,.446,4.0,11.3,.356,5.3,9.5,.553,.542,7.1,7.5,.950,0.6,4.5,5.1,6.3,1.0,0.3,3.1,2.0,29.6
101,Anthony Davis,PF,27,LAL,8,8,33.4,9.1,17.3,.529,1.5,3.8,.400,7.6,13.5,.565,.572,2.6,3.9,.677,1.8,7.4,9.1,3.5,1.5,1.4,2.4,1.4,22.4
102,Ed Davis,C,31,MIN,7,3,13.3,0.7,2.6,.278,0.0,0.0,,0.7,2.6,.278,.278,0.4,0.6,.750,2.4,3.0,5.4,0.9,0.1,0.6,0.3,2.1,1.9
103,Terence Davis,SG,23,TOR,4,0,10.3,2.0,3.8,.533,0.8,1.8,.429,1.3,2.0,.625,.633,1.0,1.0,1.000,0.3,1.5,1.8,1.0,0.3,0.3,1.3,1.5,5.8
104,DeMar DeRozan,SF,31,SAS,8,8,33.4,6.5,13.8,.473,1.1,2.6,.429,5.4,11.1,.483,.514,5.0,5.9,.851,0.6,5.0,5.6,7.3,1.0,0.8,1.4,2.4,19.1
105,Hamidou Diallo,SG,22,OKC,7,0,19.4,3.6,7.1,.500,0.1,0.7,.200,3.4,6.4,.533,.510,1.4,2.7,.526,1.1,3.6,4.7,1.4,0.9,0.4,1.3,1.9,8.7
106,Gorgui Dieng,C,31,MEM,8,0,17.4,3.5,6.6,.528,1.3,2.9,.435,2.3,3.8,.600,.623,0.9,0.9,1.000,1.3,3.4,4.6,1.6,0.9,0.6,1.1,1.6,9.1
107,Spencer Dinwiddie,SG,27,BRK,3,3,21.3,2.0,5.3,.375,0.7,2.3,.286,1.3,3.0,.444,.438,2.0,2.0,1.000,0.0,4.3,4.3,3.0,0.7,0.3,1.7,1.3,6.7
108,Donte DiVincenzo,SG,24,MIL,8,8,23.9,4.3,8.8,.486,2.5,4.9,.513,1.8,3.9,.452,.629,0.3,0.4,.667,1.1,2.3,3.4,2.3,1.5,0.3,1.6,1.5,11.3
109,Luka Dončić,PG,21,DAL,7,7,33.9,9.4,20.3,.465,1.4,6.9,.208,8.0,13.4,.596,.500,7.3,9.4,.773,0.7,8.3,9.0,8.0,1.0,0.4,4.3,1.4,27.6
110,Luguentz Dort,SG,21,OKC,7,7,28.1,4.6,9.1,.500,2.1,4.7,.455,2.4,4.4,.548,.617,2.1,2.7,.789,0.7,2.1,2.9,1.0,0.9,0.3,0.9,2.7,13.4
111,Damyean Dotson,SG,26,CLE,8,2,21.3,2.4,5.8,.413,1.0,3.6,.276,1.4,2.1,.647,.500,0.4,0.8,.500,0.1,1.0,1.1,1.9,0.8,0.0,0.8,0.6,6.1
112,Devon Dotson,PG,21,CHI,1,0,10.0,2.0,4.0,.500,0.0,0.0,,2.0,4.0,.500,.500,0.0,0.0,,0.0,1.0,1.0,0.0,0.0,0.0,0.0,1.0,4.0
113,Sekou Doumbouya,PF,20,DET,8,0,13.0,1.6,4.9,.333,0.8,1.8,.429,0.9,3.1,.280,.410,0.8,0.9,.857,0.8,2.1,2.9,0.6,0.5,0.3,0.1,1.3,4.8
114,PJ Dozier,SG,24,DEN,8,0,19.5,2.4,5.6,.422,0.6,1.9,.333,1.8,3.8,.467,.478,0.9,1.1,.778,1.0,3.0,4.0,0.9,0.4,0.8,0.9,1.4,6.3
115,Goran Dragić,PG,34,MIA,7,0,24.0,5.0,10.4,.479,1.0,4.0,.250,4.0,6.4,.622,.527,2.9,3.3,.870,0.3,2.0,2.3,5.0,0.7,0.0,2.7,2.1,13.9
116,Andre Drummond,C,27,CLE,9,9,30.1,7.2,15.7,.461,0.0,0.6,.000,7.2,15.1,.478,.461,2.6,4.9,.523,4.0,10.2,14.2,2.9,1.8,1.6,3.7,2.6,17.0
117,Jared Dudley,PF,35,LAL,5,0,3.0,0.2,0.2,1.000,0.2,0.2,1.000,0.0,0.0,,1.500,0.0,0.0,,0.2,0.8,1.0,0.2,0.0,0.0,0.0,0.0,0.6
118,Kevin Durant,PF,32,BRK,6,6,34.2,9.0,17.5,.514,2.5,5.5,.455,6.5,12.0,.542,.586,7.7,8.7,.885,0.5,6.5,7.0,4.8,1.2,0.8,3.5,1.8,28.2
119,Anthony Edwards,SG,19,MIN,8,0,25.9,5.9,14.4,.409,1.9,6.5,.288,4.0,7.9,.508,.474,1.8,2.4,.737,0.9,1.5,2.4,1.9,0.8,0.3,1.9,1.8,15.4
120,Carsen Edwards,SG,22,BOS,4,0,7.3,1.5,3.8,.400,0.3,1.3,.200,1.3,2.5,.500,.433,0.0,0.0,,0.3,0.5,0.8,0.5,0.0,0.3,0.3,0.8,3.3
121,CJ Elleby,SF,20,POR,4,0,6.0,0.8,1.5,.500,0.0,0.8,.000,0.8,0.8,1.000,.500,0.5,0.8,.667,0.3,0.3,0.5,0.5,0.0,0.3,0.0,0.8,2.0
122,Wayne Ellington,SG,33,DET,3,2,23.0,4.7,8.7,.538,2.3,5.7,.412,2.3,3.0,.778,.673,0.3,0.3,1.000,0.7,2.0,2.7,0.7,0.7,0.3,0.3,1.7,12.0
123,Joel Embiid,C,26,PHI,8,8,32.3,7.9,15.0,.525,1.4,3.0,.458,6.5,12.0,.542,.571,7.5,9.0,.833,1.8,10.0,11.8,3.3,1.1,1.8,3.1,2.3,24.6
124,James Ennis,SF,30,ORL,1,0,16.0,2.0,3.0,.667,0.0,1.0,.000,2.0,2.0,1.000,.667,2.0,2.0,1.000,2.0,0.0,2.0,1.0,0.0,0.0,2.0,2.0,6.0
125,Drew Eubanks,PF,23,SAS,3,0,19.3,1.0,4.3,.231,0.0,0.0,,1.0,4.3,.231,.231,1.0,1.3,.750,0.3,4.0,4.3,0.3,0.3,2.0,0.3,2.3,3.0
126,Dante Exum,SG,25,CLE,6,3,19.3,1.7,4.3,.385,0.3,1.8,.182,1.3,2.5,.533,.423,0.2,0.3,.500,0.3,2.5,2.8,2.2,0.7,0.3,1.2,1.5,3.8
127,Tacko Fall,C,25,BOS,1,0,6.0,0.0,1.0,.000,0.0,0.0,,0.0,1.0,.000,.000,2.0,2.0,1.000,1.0,0.0,1.0,0.0,0.0,2.0,0.0,0.0,2.0
128,Derrick Favors,C,29,UTA,8,0,15.5,3.0,4.8,.632,0.0,0.0,,3.0,4.8,.632,.632,1.1,1.8,.643,1.8,3.6,5.4,1.4,0.3,1.1,0.5,2.6,7.1
129,Cristiano Felício,C,28,CHI,1,0,6.0,0.0,1.0,.000,0.0,0.0,,0.0,1.0,.000,.000,0.0,2.0,.000,2.0,1.0,3.0,2.0,0.0,0.0,0.0,0.0,0.0
130,Terrance Ferguson,SG,22,PHI,4,0,3.8,0.0,0.8,.000,0.0,0.8,.000,0.0,0.0,,.000,0.0,0.0,,0.0,0.3,0.3,0.3,0.0,0.0,0.0,0.5,0.0
131,Bruno Fernando,C,22,ATL,6,0,10.8,0.7,1.5,.444,0.0,0.2,.000,0.7,1.3,.500,.444,0.3,0.5,.667,1.3,3.8,5.2,0.7,0.3,0.2,1.2,1.0,1.7
132,Dorian Finney-Smith,PF,27,DAL,8,8,29.4,3.4,8.1,.415,1.8,5.4,.326,1.6,2.8,.591,.523,0.8,0.9,.857,1.4,3.6,5.0,1.0,1.4,0.6,0.5,3.0,9.3
133,Malachi Flynn,PG,22,TOR,4,0,6.0,0.0,2.8,.000,0.0,1.8,.000,0.0,1.0,.000,.000,0.0,0.0,,0.0,0.0,0.0,0.3,0.3,0.0,0.0,0.3,0.0
134,Bryn Forbes,SG,27,MIL,8,0,17.9,3.3,6.8,.481,1.8,4.0,.438,1.5,2.8,.545,.611,0.4,0.9,.429,0.1,1.0,1.1,0.3,0.3,0.0,1.0,1.6,8.6
135,Trent Forrest,PG,22,UTA,1,0,8.0,0.0,0.0,,0.0,0.0,,0.0,0.0,,,2.0,2.0,1.000,0.0,0.0,0.0,1.0,1.0,0.0,0.0,1.0,2.0
136,Evan Fournier,SF,28,ORL,5,5,25.4,4.6,9.0,.511,1.6,4.6,.348,3.0,4.4,.682,.600,4.0,4.6,.870,0.4,1.2,1.6,2.0,1.4,0.0,1.8,2.6,14.8
137,De'Aaron Fox,PG,23,SAC,8,8,30.3,6.5,15.3,.426,1.1,3.8,.300,5.4,11.5,.467,.463,4.3,6.0,.708,0.8,2.0,2.8,5.6,1.6,0.9,2.8,2.5,18.4
138,Markelle Fultz,PG,22,ORL,8,8,26.9,5.1,13.0,.394,0.5,2.0,.250,4.6,11.0,.420,.413,2.1,2.4,.895,0.6,2.5,3.1,5.4,1.0,0.3,2.3,2.3,12.9
139,Daniel Gafford,PF,22,CHI,8,0,14.1,2.3,3.1,.720,0.0,0.0,,2.3,3.1,.720,.720,1.6,2.5,.650,1.3,1.1,2.4,0.5,0.5,0.9,0.3,1.9,6.1
140,Danilo Gallinari,PF,32,ATL,2,1,14.0,3.0,4.0,.750,1.0,1.5,.667,2.0,2.5,.800,.875,2.0,2.0,1.000,0.0,2.5,2.5,1.5,0.0,0.0,1.5,1.0,9.0
141,Langston Galloway,SG,29,PHO,8,0,8.4,1.3,2.8,.455,0.9,1.9,.467,0.4,0.9,.429,.614,0.6,0.6,1.000,0.1,0.5,0.6,0.5,0.0,0.0,0.3,0.1,4.0
142,Darius Garland,PG,21,CLE,6,6,35.8,6.7,14.7,.455,2.5,5.3,.469,4.2,9.3,.446,.540,1.3,1.5,.889,0.5,2.8,3.3,6.3,1.3,0.3,3.0,3.2,17.2
143,Marc Gasol,C,36,LAL,9,9,18.7,1.3,2.4,.545,0.4,1.2,.364,0.9,1.2,.727,.636,1.0,1.2,.818,1.2,4.1,5.3,2.2,0.3,1.2,1.4,3.0,4.1
144,Rudy Gay,PF,34,SAS,8,0,24.8,5.0,11.5,.435,2.0,5.9,.340,3.0,5.6,.533,.522,1.0,1.4,.727,0.9,4.1,5.0,1.4,0.6,1.0,1.0,2.1,13.0
145,Paul George,SF,30,LAC,8,8,33.5,8.1,16.6,.489,4.0,8.4,.478,4.1,8.3,.500,.609,4.4,4.6,.946,0.5,6.0,6.5,4.8,1.6,0.5,4.3,2.5,24.6
146,Harry Giles,C,22,POR,5,0,8.4,1.2,2.4,.500,0.4,0.6,.667,0.8,1.8,.444,.583,0.4,0.8,.500,0.2,2.8,3.0,0.4,0.2,0.6,1.0,1.8,3.2
147,Shai Gilgeous-Alexander,SG,22,OKC,7,7,33.1,6.7,15.7,.427,1.9,6.3,.295,4.9,9.4,.515,.486,3.7,4.9,.765,0.4,4.1,4.6,6.7,1.1,0.4,3.0,2.4,19.0
148,Anthony Gill,PF,28,WAS,3,0,3.7,0.3,0.3,1.000,0.3,0.3,1.000,0.0,0.0,,1.500,0.0,0.0,,0.0,0.3,0.3,0.0,0.3,0.0,0.0,0.3,1.0
149,Rudy Gobert,C,28,UTA,8,8,30.3,5.6,9.1,.616,0.0,0.0,,5.6,9.1,.616,.616,2.6,4.8,.553,3.1,9.9,13.0,1.9,0.5,2.5,1.5,2.1,13.9
150,Brandon Goodwin,PG,25,ATL,6,0,13.8,1.7,4.5,.370,0.7,2.2,.308,1.0,2.3,.429,.444,0.3,0.7,.500,0.2,1.2,1.3,1.8,0.5,0.0,0.3,0.8,4.3
151,Aaron Gordon,PF,25,ORL,8,8,25.1,5.1,10.5,.488,1.4,3.9,.355,3.8,6.6,.566,.554,2.3,3.6,.621,1.4,5.8,7.1,1.9,0.9,0.5,1.8,1.4,13.9
152,Eric Gordon,SG,32,HOU,4,1,29.5,6.3,14.3,.439,3.0,10.0,.300,3.3,4.3,.765,.544,4.0,4.0,1.000,0.5,2.3,2.8,1.8,1.3,1.0,1.5,2.5,19.5
153,Devonte' Graham,PG,25,CHO,8,8,31.8,3.3,12.5,.260,2.5,7.9,.317,0.8,4.6,.162,.360,1.4,1.8,.786,0.5,2.6,3.1,6.3,1.5,0.0,0.9,1.6,10.4
154,Jerami Grant,SF,26,DET,8,8,36.3,8.4,18.9,.444,2.6,7.6,.344,5.8,11.3,.511,.513,4.6,5.1,.902,1.4,4.6,6.0,1.6,0.9,1.3,1.3,2.6,24.0
155,Danny Green,SF,33,PHI,9,9,24.7,2.8,6.3,.439,2.0,5.1,.391,0.8,1.2,.636,.596,0.4,0.6,.800,0.9,2.0,2.9,2.1,1.3,0.6,1.2,2.1,8.0
156,Draymond Green,PF,30,GSW,4,4,24.5,0.5,2.8,.182,0.3,1.8,.143,0.3,1.0,.250,.227,1.3,1.8,.714,0.0,4.5,4.5,5.8,1.5,0.3,1.5,3.5,2.5
157,JaMychal Green,PF,30,DEN,4,0,19.5,4.3,7.8,.548,2.5,4.8,.526,1.8,3.0,.583,.710,1.3,2.0,.625,1.3,4.8,6.0,1.5,0.8,0.0,2.8,2.8,12.3
158,Javonte Green,SG,27,BOS,2,0,12.5,2.0,4.0,.500,0.5,1.5,.333,1.5,2.5,.600,.563,0.0,0.0,,1.5,1.0,2.5,0.5,0.0,0.0,0.5,0.0,4.5
159,Jeff Green,PF,34,BRK,9,2,17.2,2.0,3.3,.600,0.7,1.7,.400,1.3,1.7,.800,.700,0.6,0.8,.714,0.3,1.4,1.8,0.8,0.3,0.2,0.2,1.8,5.2
160,Josh Green,SG,20,DAL,6,0,5.5,0.3,0.7,.500,0.0,0.0,,0.3,0.7,.500,.500,0.3,0.3,1.000,0.3,0.7,1.0,0.3,0.0,0.0,0.3,0.2,1.0
161,Blake Griffin,PF,31,DET,5,5,30.4,4.6,12.0,.383,2.6,7.8,.333,2.0,4.2,.476,.492,2.4,3.4,.706,0.0,4.4,4.4,3.6,1.2,0.0,1.2,1.2,14.2
162,Kyle Guy,PG,23,SAC,3,0,9.3,1.0,3.7,.273,0.3,1.3,.250,0.7,2.3,.286,.318,1.7,2.0,.833,0.0,1.7,1.7,2.0,0.0,0.0,0.0,0.0,4.0
163,Rui Hachimura,PF,22,WAS,4,4,25.5,4.0,7.8,.516,0.8,1.5,.500,3.3,6.3,.520,.565,4.0,5.5,.727,1.0,2.3,3.3,2.0,0.5,0.0,1.0,2.3,12.8
164,Tyrese Haliburton,PG,20,SAC,6,0,28.2,4.2,8.2,.510,2.2,4.5,.481,2.0,3.7,.545,.643,1.2,1.3,.875,1.2,1.7,2.8,4.7,1.3,0.5,0.7,1.5,11.7
165,Josh Hall,SF,20,OKC,3,0,6.0,0.3,2.7,.125,0.3,1.7,.200,0.0,1.0,.000,.188,0.0,0.7,.000,0.3,1.0,1.3,0.7,0.0,0.0,0.3,1.7,1.0
166,R.J. Hampton,PG,19,DEN,5,0,1.4,0.2,0.4,.500,0.0,0.0,,0.2,0.4,.500,.500,0.0,0.0,,0.2,0.2,0.4,0.0,0.0,0.0,0.2,0.2,0.4
167,Tim Hardaway Jr.,SG,28,DAL,8,6,29.1,5.6,13.0,.433,3.4,8.4,.403,2.3,4.6,.486,.563,1.6,2.6,.619,0.1,3.8,3.9,2.3,0.8,0.3,1.0,1.4,16.3
168,James Harden,SG,31,HOU,5,5,38.0,8.4,18.4,.457,3.8,9.8,.388,4.6,8.6,.535,.560,8.8,10.0,.880,0.6,4.0,4.6,11.0,1.2,0.6,4.4,1.6,29.4
169,Maurice Harkless,SF,27,MIA,6,2,8.2,0.2,1.0,.167,0.2,0.7,.250,0.0,0.3,.000,.250,0.0,0.3,.000,0.0,0.8,0.8,0.2,0.0,0.0,0.3,1.2,0.5
170,Jared Harper,PG,23,NYK,2,0,2.5,0.0,0.5,.000,0.0,0.0,,0.0,0.5,.000,.000,1.0,1.0,1.000,0.0,0.0,0.0,0.0,0.0,0.0,1.0,0.0,1.0
171,Montrezl Harrell,C,27,LAL,9,0,23.8,5.0,8.1,.616,0.0,0.3,.000,5.0,7.8,.643,.616,2.1,3.0,.704,2.8,4.6,7.3,1.2,0.7,0.2,1.2,1.9,12.1
172,Gary Harris,SG,26,DEN,8,8,32.1,3.6,8.8,.414,0.5,3.6,.138,3.1,5.1,.610,.443,1.1,1.4,.818,0.4,1.8,2.1,1.5,0.9,0.3,0.8,2.1,8.9
173,Joe Harris,SF,29,BRK,9,7,28.9,5.7,10.8,.526,3.2,6.0,.537,2.4,4.8,.512,.675,0.4,0.9,.500,1.1,2.8,3.9,1.8,0.7,0.3,0.9,2.4,15.0
174,Tobias Harris,PF,28,PHI,9,9,32.9,7.6,14.9,.507,2.3,5.2,.447,5.2,9.7,.540,.586,1.6,1.9,.824,1.4,6.4,7.9,3.1,1.1,1.0,2.2,2.2,19.0
175,Shaquille Harrison,SG,27,UTA,3,0,5.3,1.3,2.0,.667,0.0,0.0,,1.3,2.0,.667,.667,0.3,0.7,.500,0.0,0.3,0.3,0.3,0.3,0.0,0.3,0.0,3.0
176,Josh Hart,SF,25,NOP,8,0,28.4,2.3,6.1,.367,1.1,3.9,.290,1.1,2.3,.500,.459,1.5,2.1,.706,1.1,7.4,8.5,1.1,1.0,0.1,0.9,1.9,7.1
177,Isaiah Hartenstein,C,22,DEN,6,0,8.5,1.8,3.7,.500,0.0,0.0,,1.8,3.7,.500,.500,0.8,1.7,.500,1.7,1.5,3.2,0.5,0.2,0.7,0.8,2.3,4.5
178,Jaxson Hayes,C,20,NOP,8,0,12.1,1.1,2.1,.529,0.0,0.0,,1.1,2.1,.529,.529,0.9,1.1,.778,1.3,2.8,4.0,0.5,0.3,0.6,0.8,1.8,3.1
179,Killian Hayes,PG,19,DET,7,7,21.1,1.9,6.7,.277,0.7,2.9,.250,1.1,3.9,.296,.330,0.1,0.3,.500,0.1,1.0,1.1,3.6,0.3,0.0,2.4,2.1,4.6
180,Gordon Hayward,SF,30,CHO,8,8,34.4,8.3,16.8,.493,2.0,5.5,.364,6.3,11.3,.556,.552,3.4,3.8,.900,0.5,5.3,5.8,4.4,1.5,0.4,2.0,2.8,21.9
181,Juan Hernangómez,PF,25,MIN,8,3,18.1,2.6,6.5,.404,1.1,3.5,.321,1.5,3.0,.500,.490,0.6,1.0,.625,0.9,3.5,4.4,0.5,0.6,0.3,0.4,0.8,7.0
182,Willy Hernangómez,C,26,NOP,1,0,7.0,0.0,1.0,.000,0.0,0.0,,0.0,1.0,.000,.000,1.0,4.0,.250,0.0,4.0,4.0,1.0,0.0,0.0,0.0,0.0,1.0
183,Tyler Herro,SG,21,MIA,7,7,32.7,5.1,11.6,.444,1.6,5.3,.297,3.6,6.3,.568,.512,1.6,2.1,.733,0.1,6.3,6.4,4.1,0.4,0.0,2.3,1.7,13.4
184,Buddy Hield,SG,28,SAC,8,8,35.6,5.0,14.6,.342,3.5,10.1,.346,1.5,4.5,.333,.462,1.6,2.0,.813,0.4,3.6,4.0,2.5,0.6,0.4,1.9,3.0,15.1
185,George Hill,PG,34,OKC,6,6,24.8,4.7,9.2,.509,2.2,5.0,.433,2.5,4.2,.600,.627,1.3,1.7,.800,0.8,1.3,2.2,3.7,1.0,0.2,0.8,0.7,12.8
186,Solomon Hill,PF,29,ATL,8,0,16.8,1.5,4.5,.333,1.3,3.5,.357,0.3,1.0,.250,.472,0.4,0.4,1.000,0.5,1.8,2.3,0.4,0.3,0.4,0.8,2.0,4.6
187,Nate Hinton,SG,21,DAL,1,0,0.0,0.0,1.0,.000,0.0,1.0,.000,0.0,0.0,,.000,0.0,0.0,,0.0,0.0,0.0,0.0,0.0,0.0,0.0,0.0,0.0
188,Aaron Holiday,PG,24,IND,8,5,20.9,2.4,6.4,.373,0.9,3.4,.259,1.5,3.0,.500,.441,0.1,0.3,.500,0.4,1.3,1.6,1.6,0.9,0.3,0.6,2.8,5.8
189,Jrue Holiday,PG,30,MIL,8,8,30.3,5.9,11.8,.500,1.9,4.8,.395,4.0,7.0,.571,.580,1.1,1.1,1.000,1.1,3.0,4.1,5.4,1.9,0.5,1.4,1.9,14.8
190,Justin Holiday,SG,31,IND,8,0,29.5,3.8,7.1,.526,1.8,4.1,.424,2.0,3.0,.667,.649,1.3,1.5,.833,0.8,2.8,3.5,1.4,1.4,0.4,1.1,2.6,10.5
191,Richaun Holmes,C,27,SAC,8,8,27.6,5.6,8.1,.692,0.0,0.1,.000,5.6,8.0,.703,.692,2.0,2.4,.842,3.0,5.4,8.4,1.5,1.1,0.8,1.4,4.3,13.3
192,Rodney Hood,SF,28,POR,6,0,13.7,0.8,3.3,.250,0.5,1.5,.333,0.3,1.8,.182,.325,0.0,0.0,,0.0,1.3,1.3,1.5,0.5,0.2,0.7,0.7,2.2
193,Al Horford,C,34,OKC,6,6,26.3,3.5,8.8,.396,1.7,5.3,.313,1.8,3.5,.524,.491,0.2,0.2,1.000,0.7,6.5,7.2,2.7,0.2,0.8,0.7,1.3,8.8
194,Talen Horton-Tucker,SG,20,LAL,8,0,16.1,2.6,6.4,.412,0.6,2.3,.278,2.0,4.1,.485,.461,1.0,1.1,.889,0.4,2.0,2.4,1.5,0.8,0.6,0.6,1.6,6.9
195,Danuel House,SF,27,HOU,4,4,32.5,2.5,6.8,.370,0.8,3.8,.200,1.8,3.0,.583,.426,1.8,2.5,.700,0.3,4.3,4.5,2.3,0.3,0.3,0.3,2.5,7.5
196,Dwight Howard,C,35,PHI,9,1,13.7,2.4,3.4,.710,0.1,0.1,1.000,2.3,3.3,.700,.726,0.9,1.8,.500,1.7,4.7,6.3,0.6,0.2,0.7,1.9,3.3,5.9
197,Markus Howard,SG,21,DEN,3,0,0.7,0.0,0.3,.000,0.0,0.3,.000,0.0,0.0,,.000,0.0,0.0,,0.0,0.0,0.0,0.0,0.0,0.0,0.0,0.0,0.0
198,Kevin Huerter,SG,22,ATL,8,0,26.9,4.6,10.3,.451,2.4,5.8,.413,2.3,4.5,.500,.567,0.8,0.9,.857,0.9,2.5,3.4,3.3,1.3,0.1,1.3,2.6,12.4
199,Elijah Hughes,SF,22,UTA,3,0,5.3,0.7,3.0,.222,0.3,1.7,.200,0.3,1.3,.250,.278,1.0,1.3,.750,0.0,1.0,1.0,0.3,0.0,0.3,0.7,0.0,2.7
200,De'Andre Hunter,SF,23,ATL,8,8,32.5,5.9,11.5,.511,2.3,5.3,.429,3.6,6.3,.580,.609,2.0,2.5,.800,1.0,5.6,6.6,2.4,0.5,0.5,1.0,3.1,16.0
201,Chandler Hutchison,SF,24,CHI,4,0,13.0,1.3,4.0,.313,0.3,0.8,.333,1.0,3.3,.308,.344,0.5,0.5,1.000,0.3,4.0,4.3,1.0,0.3,0.0,0.8,1.8,3.3
202,Serge Ibaka,C,31,LAC,9,9,24.9,4.6,9.8,.466,1.2,3.4,.355,3.3,6.3,.526,.528,1.4,1.9,.765,1.4,5.6,7.0,1.6,0.3,1.2,1.2,2.4,11.8
203,Andre Iguodala,SF,37,MIA,6,2,18.5,1.5,4.2,.360,1.5,3.3,.450,0.0,0.8,.000,.540,0.0,0.0,,0.3,2.7,3.0,1.2,0.7,0.3,1.2,1.8,4.5
204,Joe Ingles,SF,33,UTA,8,0,26.3,3.8,8.0,.469,1.8,5.0,.350,2.0,3.0,.667,.578,0.8,0.9,.857,0.6,3.4,4.0,3.4,0.4,0.1,1.9,2.0,10.0
205,Brandon Ingram,SF,23,NOP,8,8,34.4,8.6,18.6,.463,2.1,5.8,.370,6.5,12.9,.505,.520,5.5,6.5,.846,0.6,6.4,7.0,5.5,0.6,0.8,2.5,0.9,24.9
206,Kyrie Irving,PG,28,BRK,7,7,33.0,10.1,20.1,.504,3.7,8.7,.426,6.4,11.4,.563,.596,3.1,3.1,1.000,0.7,4.6,5.3,6.1,1.6,0.3,2.1,2.6,27.1
207,Wesley Iwundu,SF,26,DAL,4,0,5.0,1.5,2.5,.600,0.3,0.8,.333,1.3,1.8,.714,.650,0.3,0.5,.500,0.0,0.5,0.5,0.0,0.3,0.0,0.0,0.3,3.5
208,Josh Jackson,SG,23,DET,6,4,24.2,6.2,12.5,.493,1.5,4.8,.310,4.7,7.7,.609,.553,1.7,2.5,.667,0.7,3.8,4.5,2.0,1.0,0.7,1.8,2.7,15.5
209,Justin Jackson,SF,25,OKC,2,1,24.0,2.5,6.5,.385,0.0,4.0,.000,2.5,2.5,1.000,.385,2.0,2.0,1.000,0.5,4.0,4.5,1.5,0.5,0.0,2.5,1.5,7.0
210,Reggie Jackson,SG,30,LAC,9,0,14.2,2.4,5.2,.468,1.1,2.9,.385,1.3,2.3,.571,.574,0.2,0.6,.400,0.1,1.6,1.7,2.2,0.4,0.1,0.6,1.4,6.2
211,Justin James,SF,24,SAC,2,0,5.5,1.0,1.5,.667,0.0,0.5,.000,1.0,1.0,1.000,.667,0.0,0.5,.000,0.0,0.0,0.0,0.5,0.0,0.0,0.0,0.0,2.0
212,LeBron James,PG,36,LAL,9,9,32.7,8.8,18.2,.482,2.4,6.1,.400,6.3,12.1,.523,.549,4.2,5.8,.731,0.9,7.7,8.6,7.9,1.0,0.3,3.7,1.2,24.2
213,Isaiah Joe,SG,21,PHI,4,0,6.8,0.3,1.8,.143,0.0,1.3,.000,0.3,0.5,.500,.143,0.0,0.0,,0.3,1.0,1.3,1.0,0.3,0.3,0.3,1.3,0.5
214,Cameron Johnson,PF,24,PHO,8,0,22.5,4.6,9.1,.507,2.6,6.3,.420,2.0,2.9,.696,.651,1.3,1.3,1.000,0.3,2.5,2.8,1.0,0.8,0.4,0.5,1.1,13.1
215,James Johnson,PF,33,DAL,8,0,14.9,1.5,4.3,.353,0.5,1.6,.308,1.0,2.6,.381,.412,0.6,1.1,.556,0.5,2.5,3.0,1.9,1.4,0.3,0.9,1.8,4.1
216,Keldon Johnson,SF,21,SAS,8,8,29.9,5.1,11.5,.446,1.4,3.3,.423,3.8,8.3,.455,.505,2.3,2.6,.857,1.6,5.6,7.3,2.5,1.3,0.6,2.0,2.5,13.9
217,Stanley Johnson,PF,24,TOR,5,0,11.8,0.6,2.2,.273,0.2,1.2,.167,0.4,1.0,.400,.318,0.0,0.0,,0.8,2.2,3.0,1.0,1.2,0.2,0.6,1.2,1.4
218,Tyler Johnson,SG,28,BRK,4,0,7.5,0.8,1.8,.429,0.8,1.3,.600,0.0,0.5,.000,.643,0.0,0.0,,0.3,0.3,0.5,1.8,0.8,0.0,0.0,0.3,2.3
219,Nikola Jokić,C,25,DEN,8,8,36.5,9.5,16.5,.576,1.5,3.4,.444,8.0,13.1,.610,.621,5.4,6.9,.782,2.9,8.8,11.6,10.9,1.5,0.5,4.9,3.8,25.9
220,Damian Jones,C,25,PHO,4,0,7.5,0.3,0.8,.333,0.0,0.0,,0.3,0.8,.333,.333,0.0,0.0,,0.8,0.8,1.5,0.0,0.3,0.5,0.5,1.8,0.5
221,Derrick Jones Jr.,SF,23,POR,8,8,29.3,2.1,6.0,.354,0.8,2.6,.286,1.4,3.4,.407,.417,1.4,2.5,.550,1.3,2.5,3.8,0.9,1.4,0.6,0.6,3.1,6.4
222,Tre Jones,PG,21,SAS,3,0,3.3,1.3,2.3,.571,0.0,0.0,,1.3,2.3,.571,.571,1.0,1.0,1.000,1.0,0.0,1.0,0.3,0.0,0.0,0.0,0.0,3.7
223,Tyus Jones,PG,24,MEM,8,5,25.9,3.3,7.9,.413,0.5,2.6,.190,2.8,5.3,.524,.444,0.4,0.6,.600,0.3,2.1,2.4,4.9,1.1,0.4,1.0,0.4,7.4
224,DeAndre Jordan,C,32,BRK,9,7,17.8,1.7,2.3,.714,0.0,0.0,,1.7,2.3,.714,.714,0.8,1.7,.467,1.4,5.8,7.2,1.8,0.2,1.4,1.9,2.9,4.1
225,Cory Joseph,PG,29,SAC,8,0,23.8,2.8,6.9,.400,0.6,2.4,.263,2.1,4.5,.472,.445,1.9,2.4,.789,0.5,2.3,2.8,2.6,0.8,0.5,1.4,3.3,8.0
226,Mfiondu Kabengele,PF,23,LAC,6,0,5.3,0.2,1.5,.111,0.2,1.0,.167,0.0,0.5,.000,.167,0.3,0.3,1.000,0.0,0.7,0.7,0.3,0.3,0.2,0.3,1.2,0.8
227,Frank Kaminsky,C,27,PHO,5,0,8.0,1.4,3.6,.389,0.2,0.8,.250,1.2,2.8,.429,.417,0.4,0.8,.500,1.0,0.8,1.8,0.8,0.0,0.2,0.2,0.6,3.4
228,Enes Kanter,C,28,POR,8,0,19.5,4.5,6.5,.692,0.0,0.0,,4.5,6.5,.692,.692,1.9,2.3,.833,3.4,5.6,9.0,0.5,0.5,0.4,1.0,1.9,10.9
229,Luke Kennard,SG,24,LAC,9,3,24.0,3.1,6.8,.459,1.4,3.2,.448,1.7,3.6,.469,.566,0.9,1.0,.889,0.1,2.8,2.9,1.8,0.3,0.1,1.4,1.7,8.6
230,Maxi Kleber,PF,29,DAL,8,2,24.4,2.1,4.5,.472,1.9,3.9,.484,0.3,0.6,.400,.681,1.6,1.8,.929,0.9,4.8,5.6,1.4,0.4,0.8,0.8,2.0,7.8
231,Nathan Knight,PF,23,ATL,4,0,4.3,1.0,2.0,.500,0.5,1.0,.500,0.5,1.0,.500,.625,1.0,1.3,.800,0.8,0.8,1.5,0.0,0.0,0.0,0.8,1.0,3.5
232,Kevin Knox,SF,21,NYK,8,0,21.4,2.5,5.8,.435,1.1,3.1,.360,1.4,2.6,.524,.533,0.5,0.8,.667,0.6,2.0,2.6,1.1,0.4,0.6,1.0,1.9,6.6
233,John Konchar,SG,24,MEM,5,0,19.6,2.0,4.6,.435,0.6,1.6,.375,1.4,3.0,.467,.500,1.2,1.2,1.000,1.0,3.6,4.6,2.8,1.4,0.4,0.2,1.2,5.8
234,Furkan Korkmaz,SG,23,PHI,3,0,18.3,2.0,8.0,.250,1.3,5.3,.250,0.7,2.7,.250,.333,0.7,0.7,1.000,0.0,2.0,2.0,1.0,0.7,0.7,2.0,0.7,6.0
235,Luke Kornet,PF,25,CHI,1,0,7.0,0.0,2.0,.000,0.0,2.0,.000,0.0,0.0,,.000,2.0,2.0,1.000,0.0,1.0,1.0,0.0,1.0,0.0,1.0,0.0,2.0
236,Rodions Kurucs,PF,22,BRK,4,0,3.5,0.3,0.8,.333,0.3,0.5,.500,0.0,0.3,.000,.500,0.0,0.0,,0.0,0.8,0.8,0.0,0.0,0.0,0.0,0.3,0.8
237,Kyle Kuzma,SF,25,LAL,9,4,26.6,4.4,10.1,.440,1.8,4.9,.364,2.7,5.2,.511,.527,0.4,0.7,.667,1.0,3.3,4.3,1.2,0.2,0.9,1.6,2.3,11.1
238,Zach LaVine,SG,25,CHI,9,9,34.1,8.7,18.9,.459,2.4,8.2,.297,6.2,10.7,.583,.524,4.9,5.7,.863,0.3,4.6,4.9,4.2,1.3,0.8,4.4,3.0,24.7
239,Jake Layman,SF,26,MIN,8,3,15.4,1.8,4.0,.438,0.3,1.5,.167,1.5,2.5,.600,.469,1.6,1.9,.867,0.0,0.9,0.9,0.8,0.9,0.5,0.5,1.6,5.4
240,Jalen Lecque,PG,20,IND,2,0,2.0,0.5,1.0,.500,0.0,0.0,,0.5,1.0,.500,.500,0.5,0.5,1.000,0.5,1.0,1.5,0.5,0.0,0.0,0.0,0.0,1.5
241,Damion Lee,SG,28,GSW,8,0,18.3,1.9,4.1,.455,1.8,3.5,.500,0.1,0.6,.200,.667,0.8,0.9,.857,0.5,3.5,4.0,1.5,0.6,0.0,0.3,1.9,6.3
242,Saben Lee,PG,21,DET,1,0,12.0,1.0,5.0,.200,0.0,1.0,.000,1.0,4.0,.250,.200,2.0,4.0,.500,1.0,0.0,1.0,1.0,2.0,0.0,3.0,1.0,4.0
243,Alex Len,C,27,TOR,5,0,12.4,1.0,1.8,.556,0.6,1.0,.600,0.4,0.8,.500,.722,0.6,1.2,.500,0.0,2.2,2.2,0.6,0.0,1.0,1.4,1.6,3.2
244,Kawhi Leonard,SF,29,LAC,7,7,34.1,8.4,18.7,.450,1.3,4.3,.300,7.1,14.4,.495,.485,4.9,5.7,.850,1.4,4.1,5.6,6.1,1.9,1.1,2.0,2.6,23.0
245,Meyers Leonard,C,28,MIA,2,2,11.0,1.5,3.0,.500,1.5,3.0,.500,0.0,0.0,,.750,0.0,0.0,,0.0,1.5,1.5,0.5,0.0,0.0,0.5,2.5,4.5
246,Caris LeVert,SG,26,BRK,9,2,26.3,6.2,16.1,.386,1.2,4.8,.256,5.0,11.3,.441,.424,1.7,2.4,.682,0.7,3.6,4.2,6.0,1.4,0.7,2.0,1.6,15.3
247,Kira Lewis Jr.,PG,19,NOP,2,0,6.5,1.0,3.5,.286,0.0,1.0,.000,1.0,2.5,.400,.286,0.0,0.0,,0.0,0.0,0.0,0.5,0.5,0.0,0.0,0.0,2.0
248,Damian Lillard,PG,30,POR,8,8,35.1,8.5,19.1,.444,4.1,10.8,.384,4.4,8.4,.522,.552,6.5,7.3,.897,0.3,4.5,4.8,6.6,0.9,0.3,2.8,1.4,27.6
249,Nassir Little,PF,20,POR,1,0,8.0,1.0,1.0,1.000,0.0,0.0,,1.0,1.0,1.000,1.000,0.0,0.0,,0.0,1.0,1.0,0.0,0.0,1.0,1.0,1.0,2.0
250,Kevon Looney,C,24,GSW,8,0,14.4,1.9,3.0,.625,0.0,0.3,.000,1.9,2.8,.682,.625,0.9,1.1,.778,1.1,2.0,3.1,1.9,0.4,0.1,0.8,2.0,4.6
251,Brook Lopez,C,32,MIL,8,8,23.4,3.4,7.0,.482,1.8,4.1,.424,1.6,2.9,.565,.607,1.0,1.0,1.000,1.6,2.5,4.1,0.9,0.5,1.4,0.8,2.4,9.5
252,Robin Lopez,C,32,WAS,8,0,15.5,2.1,3.9,.548,0.3,0.6,.400,1.9,3.3,.577,.581,1.1,2.0,.563,1.3,2.6,3.9,0.5,0.1,0.6,0.8,2.5,5.6
253,Kevin Love,PF,32,CLE,2,2,23.0,3.0,9.0,.333,1.5,4.5,.333,1.5,4.5,.333,.417,2.0,2.5,.800,1.0,5.0,6.0,2.5,0.5,0.0,1.5,0.5,9.5
254,Kyle Lowry,PG,34,TOR,7,7,37.0,6.1,14.1,.434,2.9,8.0,.357,3.3,6.1,.535,.535,4.3,4.7,.909,1.0,4.1,5.1,7.4,1.3,0.0,3.3,3.7,19.4
255,Timothé Luwawu-Cabarrot,SF,25,BRK,9,4,20.3,3.2,7.1,.453,1.7,4.7,.357,1.6,2.4,.636,.570,0.8,0.8,1.000,0.4,1.9,2.3,1.0,0.7,0.2,1.0,1.8,8.9
256,Trey Lyles,PF,25,SAS,4,0,7.5,0.5,1.5,.333,0.3,0.8,.333,0.3,0.8,.333,.417,0.0,0.3,.000,0.5,2.5,3.0,0.3,0.0,0.0,0.0,0.0,1.3
257,Thon Maker,C,23,CLE,6,0,9.5,1.0,1.5,.667,0.0,0.2,.000,1.0,1.3,.750,.667,1.2,1.3,.875,0.8,1.5,2.3,0.7,0.2,0.3,0.5,0.8,3.2
258,Théo Maledon,PG,19,OKC,7,0,20.4,2.4,5.7,.425,1.3,3.9,.333,1.1,1.9,.615,.538,0.7,1.3,.556,0.1,1.6,1.7,2.7,0.7,0.0,2.4,1.9,6.9
259,Karim Mané,PG,20,ORL,3,0,8.3,0.0,1.3,.000,0.0,0.0,,0.0,1.3,.000,.000,0.7,0.7,1.000,0.0,1.3,1.3,0.0,0.0,0.0,0.3,0.3,0.7
260,Terance Mann,SG,24,LAC,8,0,9.8,0.8,2.5,.300,0.0,0.4,.000,0.8,2.1,.353,.300,0.0,0.0,,0.5,1.6,2.1,0.6,0.0,0.3,0.5,1.3,1.5
261,Nico Mannion,PG,19,GSW,1,0,8.0,0.0,2.0,.000,0.0,1.0,.000,0.0,1.0,.000,.000,0.0,0.0,,0.0,2.0,2.0,2.0,0.0,0.0,0.0,1.0,0.0
262,Boban Marjanović,C,32,DAL,5,0,8.8,2.8,4.2,.667,0.0,0.4,.000,2.8,3.8,.737,.667,0.4,0.8,.500,1.2,2.0,3.2,0.0,0.0,0.0,0.2,1.0,6.0
263,Lauri Markkanen,PF,23,CHI,4,4,26.5,5.5,11.0,.500,2.8,5.8,.478,2.8,5.3,.524,.625,3.5,4.5,.778,1.0,5.8,6.8,1.3,0.8,0.3,1.8,1.5,17.3
264,Caleb Martin,SF,25,CHO,7,0,15.6,2.6,5.1,.500,0.6,2.0,.286,2.0,3.1,.636,.556,0.9,1.4,.600,0.6,1.7,2.3,1.4,0.9,0.1,0.9,0.7,6.6
265,Cody Martin,SF,25,CHO,6,0,14.8,1.3,2.8,.471,0.0,0.8,.000,1.3,2.0,.667,.471,0.5,0.7,.750,0.7,2.2,2.8,1.7,0.3,0.0,0.3,0.7,3.2
266,Kelan Martin,SF,25,IND,3,0,5.7,0.3,2.7,.125,0.0,1.0,.000,0.3,1.7,.200,.125,0.0,0.0,,0.3,0.7,1.0,0.0,0.7,0.0,0.7,1.0,0.7
267,Garrison Mathews,SG,24,WAS,2,0,5.0,0.5,2.0,.250,0.5,2.0,.250,0.0,0.0,,.375,0.0,0.0,,0.0,0.5,0.5,1.0,0.0,0.0,0.0,0.0,1.5
268,Dakota Mathias,SG,25,PHI,4,0,7.5,1.8,3.8,.467,0.8,2.3,.333,1.0,1.5,.667,.567,0.5,0.8,.667,0.0,0.8,0.8,0.8,0.0,0.0,0.0,0.3,4.8
269,Wesley Matthews,SG,34,LAL,9,0,20.8,1.9,4.1,.459,1.3,3.4,.387,0.6,0.7,.833,.622,0.1,0.2,.500,0.3,1.0,1.3,1.1,0.4,0.3,0.1,1.3,5.2
270,Tyrese Maxey,SG,20,PHI,9,0,15.7,3.1,6.8,.459,0.6,1.6,.357,2.6,5.2,.489,.500,0.1,0.1,1.000,0.1,1.6,1.7,1.6,0.6,0.1,0.6,0.8,6.9
271,Skylar Mays,SG,23,ATL,2,0,3.0,0.0,0.5,.000,0.0,0.5,.000,0.0,0.0,,.000,0.0,0.0,,0.0,0.0,0.0,0.0,0.0,0.0,0.0,0.5,0.0
272,CJ McCollum,SG,29,POR,8,8,34.5,9.5,20.9,.455,4.8,11.0,.432,4.8,9.9,.481,.569,3.0,3.5,.857,0.4,3.6,4.0,5.3,1.6,0.4,1.3,1.9,26.8
273,T.J. McConnell,PG,28,IND,8,0,17.0,1.8,3.3,.538,0.0,0.3,.000,1.8,3.0,.583,.538,0.1,0.3,.500,0.5,2.4,2.9,4.4,1.5,0.0,1.4,1.5,3.6
274,Jaden McDaniels,PF,20,MIN,5,0,7.4,1.2,2.2,.545,0.8,1.6,.500,0.4,0.6,.667,.727,0.2,0.4,.500,0.4,1.2,1.6,0.8,0.4,0.2,0.6,1.0,3.4
275,Jalen McDaniels,SF,23,CHO,7,0,11.6,1.9,3.4,.542,0.3,0.9,.333,1.6,2.6,.611,.583,1.0,1.6,.636,0.4,2.3,2.7,0.7,0.3,0.0,1.1,1.9,5.0
276,Doug McDermott,PF,29,IND,8,0,23.5,4.0,9.1,.438,1.6,5.1,.317,2.4,4.0,.594,.527,1.3,1.9,.667,1.0,2.8,3.8,0.9,0.3,0.0,0.9,1.8,10.9
277,Sean McDermott,SF,24,MEM,3,0,14.0,0.7,2.3,.286,0.3,1.7,.200,0.3,0.7,.500,.357,0.7,0.7,1.000,0.7,0.3,1.0,1.0,0.0,0.0,1.0,0.3,2.3
278,JaVale McGee,C,33,CLE,9,0,17.0,3.8,7.7,.493,0.4,1.0,.444,3.3,6.7,.500,.522,1.3,2.4,.545,2.2,4.3,6.6,1.2,0.8,0.9,1.2,3.0,9.3
279,Rodney McGruder,SG,29,DET,2,0,6.0,0.5,0.5,1.000,0.0,0.0,,0.5,0.5,1.000,1.000,0.5,0.5,1.000,0.5,0.0,0.5,0.0,0.0,0.0,0.0,0.5,1.5
280,Alfonzo McKinnie,SF,28,LAL,5,0,3.0,1.0,1.0,1.000,0.4,0.4,1.000,0.6,0.6,1.000,1.200,0.4,0.4,1.000,0.2,0.4,0.6,0.0,0.0,0.0,0.2,0.2,2.8
281,Jordan McLaughlin,PG,24,MIN,4,0,16.0,1.8,4.3,.412,0.5,1.8,.286,1.3,2.5,.500,.471,0.0,0.0,,0.3,1.5,1.8,3.5,0.5,0.3,0.8,0.3,4.0
282,Nicolò Melli,PF,30,NOP,5,0,11.8,0.6,2.6,.231,0.4,2.0,.200,0.2,0.6,.333,.308,0.6,0.8,.750,0.2,2.4,2.6,1.2,0.4,0.0,0.8,0.8,2.2
283,De'Anthony Melton,PG,22,MEM,3,0,20.7,2.3,6.3,.368,0.7,2.3,.286,1.7,4.0,.417,.421,0.0,0.0,,0.0,2.3,2.3,3.0,1.3,1.3,1.7,2.0,5.3
284,Sam Merrill,SG,24,MIL,5,0,7.8,0.8,1.4,.571,0.8,1.0,.800,0.0,0.4,.000,.857,0.0,0.0,,0.6,1.2,1.8,1.4,0.2,0.0,0.6,0.4,2.4
285,Chimezie Metu,C,23,SAC,1,0,5.0,3.0,4.0,.750,1.0,1.0,1.000,2.0,3.0,.667,.875,0.0,0.0,,0.0,0.0,0.0,0.0,0.0,0.0,0.0,0.0,7.0
286,Khris Middleton,SF,29,MIL,8,8,31.4,7.9,14.5,.543,2.9,5.4,.535,5.0,9.1,.548,.642,2.5,2.6,.952,0.8,5.4,6.1,6.1,1.0,0.1,2.6,2.3,21.1
287,Darius Miller,SF,30,OKC,1,0,7.0,1.0,3.0,.333,1.0,3.0,.333,0.0,0.0,,.500,0.0,0.0,,0.0,0.0,0.0,0.0,0.0,0.0,1.0,1.0,3.0
288,Patty Mills,PG,32,SAS,8,0,24.5,4.5,9.1,.493,3.0,5.4,.558,1.5,3.8,.400,.658,1.9,2.0,.938,0.3,1.5,1.8,3.3,0.4,0.1,0.8,1.4,13.9
289,Paul Millsap,PF,35,DEN,8,8,24.9,4.1,7.6,.541,1.4,3.1,.440,2.8,4.5,.611,.631,1.6,2.5,.650,1.0,3.0,4.0,1.6,0.3,0.0,1.4,2.5,11.3
290,Shake Milton,SG,24,PHI,9,1,25.9,4.9,10.7,.458,1.2,4.4,.275,3.7,6.2,.589,.516,3.1,3.8,.824,0.2,1.4,1.7,3.3,1.0,0.2,1.4,2.1,14.1
291,Donovan Mitchell,SG,24,UTA,8,8,33.6,7.6,20.1,.379,3.0,9.3,.324,4.6,10.9,.425,.453,3.0,3.9,.774,0.9,2.8,3.6,5.0,0.9,0.3,3.4,1.6,21.3
292,Adam Mokoka,SG,22,CHI,3,0,10.7,1.3,3.7,.364,0.0,2.0,.000,1.3,1.7,.800,.364,0.0,0.0,,0.3,0.7,1.0,1.0,0.7,0.3,0.3,1.7,2.7
293,Malik Monk,SG,22,CHO,1,0,10.0,0.0,1.0,.000,0.0,1.0,.000,0.0,0.0,,.000,1.0,2.0,.500,0.0,0.0,0.0,3.0,0.0,0.0,1.0,0.0,1.0
294,E'Twaun Moore,SG,31,PHO,1,0,6.0,0.0,1.0,.000,0.0,1.0,.000,0.0,0.0,,.000,0.0,0.0,,0.0,0.0,0.0,0.0,0.0,0.0,2.0,1.0,0.0
295,Ja Morant,PG,21,MEM,3,3,27.0,10.0,18.3,.545,1.0,3.0,.333,9.0,15.3,.587,.573,5.3,6.3,.842,0.7,1.7,2.3,6.3,0.7,0.7,2.3,2.0,26.3
296,Juwan Morgan,PF,23,UTA,3,0,3.3,0.0,0.3,.000,0.0,0.3,.000,0.0,0.0,,.000,0.0,0.0,,0.0,1.0,1.0,0.0,0.0,0.0,0.0,0.3,0.0
297,Marcus Morris,PF,31,LAC,1,0,18.0,4.0,9.0,.444,2.0,6.0,.333,2.0,3.0,.667,.556,2.0,2.0,1.000,2.0,0.0,2.0,2.0,0.0,0.0,3.0,3.0,12.0
298,Markieff Morris,PF,31,LAL,9,0,14.4,1.2,3.4,.355,0.8,2.4,.318,0.4,1.0,.444,.468,0.2,0.3,.667,0.9,3.3,4.2,0.9,0.1,0.3,0.3,1.8,3.4
299,Monte Morris,PG,25,DEN,8,1,26.9,3.9,7.8,.500,1.3,3.4,.370,2.6,4.4,.600,.581,1.9,2.9,.652,0.4,1.9,2.3,3.3,0.9,0.3,0.4,1.0,10.9
300,Mychal Mulder,PG,26,GSW,8,0,9.9,1.5,2.9,.522,1.3,2.5,.500,0.3,0.4,.667,.739,0.4,0.8,.500,0.0,1.0,1.0,0.5,0.1,0.1,0.4,0.9,4.6
301,Dejounte Murray,PG,24,SAS,8,8,31.3,6.8,14.5,.466,1.0,3.4,.296,5.8,11.1,.517,.500,1.6,2.1,.765,0.9,5.9,6.8,5.3,1.4,0.0,2.4,2.3,16.1
302,Jamal Murray,PG,23,DEN,7,7,36.7,7.6,15.9,.477,2.7,7.1,.380,4.9,8.7,.557,.563,4.1,5.1,.806,1.0,3.0,4.0,3.9,1.0,0.1,2.1,2.7,22.0
303,Mike Muscala,C,29,OKC,7,0,18.1,3.7,7.4,.500,2.4,5.4,.447,1.3,2.0,.643,.663,1.1,1.1,1.000,0.1,3.0,3.1,0.9,0.3,0.4,0.6,1.3,11.0
304,Sviatoslav Mykhailiuk,SF,23,DET,8,0,17.8,2.8,7.0,.393,1.9,5.6,.333,0.9,1.4,.636,.527,1.4,1.4,1.000,0.1,1.9,2.0,1.4,0.6,0.1,0.4,0.9,8.8
305,Larry Nance Jr.,PF,28,CLE,9,8,34.4,3.8,7.6,.500,1.3,3.4,.387,2.4,4.1,.595,.588,0.7,1.3,.500,1.6,4.6,6.1,4.3,2.4,0.6,1.7,2.1,9.6
306,Aaron Nesmith,SF,21,BOS,3,0,13.0,1.0,4.0,.250,0.7,3.0,.222,0.3,1.0,.333,.333,0.0,0.0,,0.3,1.3,1.7,0.3,0.0,0.3,0.7,2.3,2.7
307,Raul Neto,PG,28,WAS,8,2,17.0,3.6,6.4,.569,1.5,3.1,.480,2.1,3.3,.654,.686,0.5,0.6,.800,0.3,0.9,1.1,1.5,1.1,0.0,0.5,1.5,9.3
308,Georges Niang,PF,27,UTA,8,0,7.8,0.4,1.4,.273,0.3,1.1,.222,0.1,0.3,.500,.364,0.0,0.0,,0.3,1.3,1.5,0.3,0.0,0.0,0.1,0.8,1.0
309,Zeke Nnaji,PF,20,DEN,3,0,1.7,0.0,0.3,.000,0.0,0.3,.000,0.0,0.0,,.000,0.0,0.0,,0.0,0.0,0.0,0.0,0.0,0.0,0.0,0.3,0.0
310,Nerlens Noel,C,26,NYK,6,0,15.2,1.7,3.0,.556,0.0,0.0,,1.7,3.0,.556,.556,0.3,0.5,.667,1.5,3.5,5.0,0.3,0.8,1.2,1.7,1.7,3.7
311,Jaylen Nowell,SG,21,MIN,1,0,8.0,1.0,3.0,.333,0.0,1.0,.000,1.0,2.0,.500,.333,0.0,0.0,,1.0,0.0,1.0,1.0,0.0,0.0,0.0,0.0,2.0
312,Frank Ntilikina,PG,22,NYK,4,0,10.5,1.5,3.5,.429,1.3,2.3,.556,0.3,1.3,.200,.607,0.3,0.8,.333,0.3,0.8,1.0,0.8,0.8,0.0,0.5,1.8,4.5
313,Kendrick Nunn,PG,25,MIA,5,0,12.2,2.2,5.8,.379,0.2,1.8,.111,2.0,4.0,.500,.397,0.6,0.6,1.000,0.2,0.8,1.0,1.8,0.4,0.2,0.6,0.4,5.2
314,Jusuf Nurkić,C,26,POR,8,8,24.6,4.6,9.3,.500,0.3,1.1,.222,4.4,8.1,.538,.514,0.9,2.0,.438,1.9,5.9,7.8,3.3,0.8,0.8,1.9,2.9,10.4
315,David Nwaba,SF,28,HOU,5,4,27.0,3.8,8.6,.442,0.8,3.2,.250,3.0,5.4,.556,.488,1.4,3.0,.467,0.6,2.4,3.0,0.4,1.0,0.8,0.6,2.4,9.8
316,Jordan Nwora,SF,22,MIL,6,0,10.2,2.5,5.0,.500,1.2,2.2,.538,1.3,2.8,.471,.617,1.2,1.3,.875,0.2,2.2,2.3,0.0,0.7,0.2,1.0,1.3,7.3
317,Royce O'Neale,SF,27,UTA,8,8,31.5,2.5,5.3,.476,1.8,3.9,.452,0.8,1.4,.545,.643,0.4,0.8,.500,1.6,6.4,8.0,1.1,0.5,0.4,1.1,2.5,7.1
318,Semi Ojeleye,PF,26,BOS,8,0,16.1,2.0,4.6,.432,1.1,2.6,.429,0.9,2.0,.438,.554,0.6,1.1,.556,1.0,2.0,3.0,0.5,0.0,0.0,0.5,1.3,5.8
319,Jahlil Okafor,C,25,DET,5,0,11.4,2.8,4.2,.667,0.0,0.0,,2.8,4.2,.667,.667,0.0,0.0,,2.0,1.4,3.4,0.4,0.0,0.2,0.4,1.6,5.6
320,Chuma Okeke,PF,22,ORL,5,0,18.2,1.0,2.8,.357,0.4,1.4,.286,0.6,1.4,.429,.429,0.6,1.2,.500,1.0,1.6,2.6,1.6,0.6,0.2,0.6,0.4,3.0
321,Josh Okogie,SG,22,MIN,3,3,25.0,3.3,7.0,.476,0.3,2.0,.167,3.0,5.0,.600,.500,1.0,1.0,1.000,1.3,2.0,3.3,1.7,0.0,0.3,1.0,2.0,8.0
322,Isaac Okoro,SG,20,CLE,4,4,35.5,2.8,5.8,.478,0.5,2.5,.200,2.3,3.3,.692,.522,1.3,1.5,.833,0.5,1.5,2.0,2.3,0.5,0.5,1.5,2.5,7.3
323,KZ Okpala,PF,21,MIA,3,0,11.3,0.7,2.0,.333,0.0,1.0,.000,0.7,1.0,.667,.333,0.3,1.3,.250,0.3,1.7,2.0,0.0,0.7,0.0,0.3,0.7,1.7
324,Victor Oladipo,SG,28,IND,7,7,33.0,7.0,15.9,.441,3.0,7.3,.412,4.0,8.6,.467,.536,3.4,4.7,.727,0.1,5.9,6.0,4.3,1.1,0.3,1.9,2.4,20.4
325,Kelly Olynyk,C,29,MIA,6,2,25.2,3.7,7.8,.468,2.5,5.8,.429,1.2,2.0,.583,.628,0.7,1.0,.667,0.7,4.7,5.3,1.7,1.0,0.8,1.2,2.5,10.5
326,Miye Oni,SG,23,UTA,4,0,5.8,0.3,1.3,.200,0.3,0.8,.333,0.0,0.5,.000,.300,0.0,0.0,,0.3,1.0,1.3,0.5,0.0,0.3,0.3,1.0,0.8
327,Cedi Osman,SF,25,CLE,9,3,27.9,4.0,11.8,.340,2.3,6.9,.339,1.7,4.9,.341,.439,1.3,2.0,.667,0.6,3.2,3.8,3.4,1.0,0.2,1.1,2.3,11.7
328,Daniel Oturu,C,21,LAC,4,0,5.5,1.3,2.0,.625,0.0,0.3,.000,1.3,1.8,.714,.625,0.0,0.0,,0.3,1.5,1.8,0.5,0.0,0.5,0.3,0.8,2.5
329,Kelly Oubre Jr.,SF,25,GSW,8,8,27.0,4.3,12.6,.337,0.8,5.3,.143,3.5,7.4,.475,.366,1.3,1.8,.714,1.5,4.1,5.6,0.6,1.5,1.0,1.9,2.5,10.5
330,Eric Paschall,PF,24,GSW,8,2,19.4,4.4,7.9,.556,0.5,1.6,.308,3.9,6.3,.620,.587,2.5,3.0,.833,0.8,2.3,3.0,1.4,0.4,0.3,0.5,1.9,11.8
331,Anžejs Pasečņiks,C,25,WAS,1,0,6.0,0.0,1.0,.000,0.0,1.0,.000,0.0,0.0,,.000,0.0,0.0,,1.0,0.0,1.0,1.0,0.0,0.0,5.0,2.0,0.0
332,Patrick Patterson,PF,31,LAC,5,0,11.4,1.0,2.8,.357,0.6,2.0,.300,0.4,0.8,.500,.464,0.4,0.4,1.000,0.6,1.4,2.0,0.6,0.4,0.0,0.6,1.4,3.0
333,Chris Paul,PG,35,PHO,8,8,30.1,4.6,11.4,.407,0.9,2.6,.333,3.8,8.8,.429,.445,3.1,3.3,.962,0.9,3.8,4.6,8.3,0.9,0.4,1.8,2.6,13.3
334,Cameron Payne,PG,26,PHO,8,0,18.1,3.1,6.3,.500,1.1,2.3,.500,2.0,4.0,.500,.590,0.5,0.5,1.000,0.3,2.3,2.5,4.5,0.5,0.1,1.1,2.4,7.9
335,Elfrid Payton,PG,26,NYK,8,8,29.1,6.5,13.3,.491,0.8,2.0,.375,5.8,11.3,.511,.519,0.9,1.6,.538,1.3,2.8,4.0,5.0,0.5,0.3,2.6,1.9,14.6
336,Reggie Perry,PF,20,BRK,4,0,5.0,0.8,2.3,.333,0.0,0.8,.000,0.8,1.5,.500,.333,0.3,0.3,1.000,0.3,1.8,2.0,1.0,0.0,0.0,0.8,0.8,1.8
337,Theo Pinson,SG,25,NYK,4,0,2.3,0.0,0.8,.000,0.0,0.8,.000,0.0,0.0,,.000,0.0,0.0,,0.0,0.3,0.3,0.0,0.0,0.0,0.0,0.0,0.0
338,Mason Plumlee,C,30,DET,8,8,26.8,3.0,5.5,.545,0.0,0.4,.000,3.0,5.1,.585,.545,1.5,2.1,.706,3.3,6.4,9.6,3.6,1.3,0.5,1.5,3.3,7.5
339,Jakob Poeltl,C,25,SAS,8,3,20.6,2.4,4.3,.559,0.0,0.0,,2.4,4.3,.559,.559,0.3,1.1,.222,2.8,3.9,6.6,2.4,0.5,0.4,1.0,1.8,5.0
340,Vincent Poirier,C,27,PHI,3,0,4.7,0.3,1.0,.333,0.0,0.0,,0.3,1.0,.333,.333,0.7,1.3,.500,0.7,0.3,1.0,0.3,0.0,0.3,0.3,0.3,1.3
341,Aleksej Pokusevski,PF,19,OKC,5,0,16.0,0.4,4.2,.095,0.2,3.2,.063,0.2,1.0,.200,.119,0.0,0.0,,0.2,3.6,3.8,1.4,1.0,1.0,2.0,1.2,1.0
342,Jordan Poole,SG,21,GSW,6,0,11.8,2.0,4.8,.414,0.8,2.8,.294,1.2,2.0,.583,.500,1.5,1.5,1.000,0.2,1.2,1.3,0.8,0.2,0.0,0.7,1.2,6.3
343,Michael Porter Jr.,SF,22,DEN,4,4,29.3,7.5,13.3,.566,2.8,6.5,.423,4.8,6.8,.704,.670,1.8,2.0,.875,1.3,5.5,6.8,1.8,1.0,1.5,0.5,2.8,19.5
344,Otto Porter,SF,27,CHI,9,5,25.4,4.6,10.4,.436,2.2,5.3,.417,2.3,5.1,.457,.543,2.7,3.0,.889,1.4,5.4,6.9,2.0,0.9,0.0,1.1,1.9,14.0
345,Bobby Portis,C,25,MIL,8,0,23.5,4.6,8.4,.552,0.9,2.3,.389,3.8,6.1,.612,.604,1.3,1.5,.833,2.1,5.9,8.0,1.5,0.8,0.6,1.0,2.0,11.4
346,Dwight Powell,C,29,DAL,8,6,19.6,1.5,3.0,.500,0.1,0.4,.333,1.4,2.6,.524,.521,2.0,2.8,.727,1.0,2.4,3.4,1.1,1.4,0.4,0.9,2.6,5.1
347,Norman Powell,SG,27,TOR,7,1,22.7,2.6,8.4,.305,1.6,4.3,.367,1.0,4.1,.241,.398,2.4,3.0,.810,0.0,1.4,1.4,0.7,1.1,0.3,1.0,2.0,9.1
348,Taurean Prince,PF,26,BRK,9,3,16.3,2.0,5.3,.375,1.1,3.0,.370,0.9,2.3,.381,.479,1.9,2.2,.850,0.0,2.2,2.2,0.4,0.7,0.7,0.8,2.0,7.0
349,Payton Pritchard,SG,23,BOS,9,0,22.9,3.3,6.7,.500,0.9,2.6,.348,2.4,4.1,.595,.567,0.8,0.9,.875,0.4,2.0,2.4,3.2,1.2,0.3,1.8,2.0,8.3
350,Immanuel Quickley,PG,21,NYK,4,0,13.0,2.0,3.8,.533,0.8,1.8,.429,1.3,2.0,.625,.633,2.8,2.8,1.000,0.0,1.0,1.0,1.5,0.8,0.3,1.0,1.8,7.5
351,Jahmi'us Ramsey,SG,19,SAC,2,0,4.0,1.0,1.0,1.000,0.5,0.5,1.000,0.5,0.5,1.000,1.250,0.0,0.0,,0.0,0.5,0.5,0.0,0.0,0.0,0.0,0.0,2.5
352,Julius Randle,PF,26,NYK,8,8,38.6,8.3,17.0,.485,1.4,4.0,.344,6.9,13.0,.529,.526,5.3,6.8,.778,2.0,10.0,12.0,7.4,0.6,0.3,4.9,3.8,23.1
353,Cam Reddish,SF,21,ATL,8,8,28.4,3.5,10.1,.346,1.3,4.4,.286,2.3,5.8,.391,.407,2.1,2.6,.810,0.8,3.8,4.5,1.4,1.1,0.3,1.5,2.8,10.4
354,J.J. Redick,SG,36,NOP,8,0,21.3,1.9,6.9,.273,1.1,4.6,.243,0.8,2.3,.333,.355,1.3,1.3,1.000,0.1,1.4,1.5,1.0,0.3,0.0,0.5,2.0,6.1
355,Paul Reed,PF,21,PHI,1,0,1.0,1.0,1.0,1.000,0.0,0.0,,1.0,1.0,1.000,1.000,0.0,0.0,,0.0,0.0,0.0,0.0,0.0,0.0,0.0,1.0,2.0
356,Naz Reid,C,21,MIN,8,3,19.5,4.0,7.5,.533,0.8,2.3,.333,3.3,5.3,.619,.583,1.6,2.5,.650,1.0,2.8,3.8,1.4,0.5,0.9,1.1,3.4,10.4
357,Nick Richards,PF,23,CHO,3,0,3.7,0.7,0.7,1.000,0.0,0.0,,0.7,0.7,1.000,1.000,0.3,0.7,.500,0.3,1.0,1.3,0.0,0.0,0.0,0.0,0.7,1.7
358,Josh Richardson,SG,27,DAL,8,8,32.5,4.9,11.9,.411,2.0,6.3,.320,2.9,5.6,.511,.495,2.0,2.1,.941,1.1,1.8,2.9,1.6,0.9,0.3,1.3,3.8,13.8
359,Austin Rivers,SG,28,NYK,4,0,26.0,5.3,8.8,.600,2.8,5.0,.550,2.5,3.8,.667,.757,0.0,0.0,,0.3,1.8,2.0,2.5,1.0,0.0,1.5,1.5,13.3
360,Duncan Robinson,SF,26,MIA,7,7,29.7,3.6,8.6,.417,3.3,8.0,.411,0.3,0.6,.500,.608,1.4,1.7,.833,0.0,4.4,4.4,1.4,0.9,0.1,1.6,1.9,11.9
361,Glenn Robinson III,SF,27,SAC,5,0,19.0,2.4,5.0,.480,0.8,2.0,.400,1.6,3.0,.533,.560,1.4,1.6,.875,0.6,1.8,2.4,1.0,0.0,0.2,0.2,0.8,7.0
362,Jerome Robinson,SG,23,WAS,5,0,13.2,1.0,3.0,.333,0.4,1.2,.333,0.6,1.8,.333,.400,0.6,0.6,1.000,0.0,1.2,1.2,1.2,0.4,0.0,0.6,2.4,3.0
363,Mitchell Robinson,C,22,NYK,8,8,29.5,4.0,6.5,.615,0.0,0.0,,4.0,6.5,.615,.615,0.6,1.1,.556,3.4,5.1,8.5,0.5,1.5,1.9,0.9,3.0,8.6
364,Isaiah Roby,PF,22,OKC,4,1,20.3,3.8,6.0,.625,0.8,2.0,.375,3.0,4.0,.750,.688,0.3,1.8,.143,2.0,2.3,4.3,0.5,0.3,0.8,1.5,2.5,8.5
365,Rajon Rondo,PG,34,ATL,2,0,15.5,2.5,5.0,.500,1.0,2.5,.400,1.5,2.5,.600,.600,0.0,0.0,,0.5,0.5,1.0,7.0,0.5,0.5,1.0,0.5,6.0
366,Derrick Rose,PG,32,DET,7,0,24.3,5.7,13.6,.421,0.9,2.9,.300,4.9,10.7,.453,.453,3.0,3.7,.808,0.4,1.9,2.3,5.4,1.0,0.3,2.4,1.4,15.3
367,Terrence Ross,SG,29,ORL,7,0,28.0,7.0,14.1,.495,3.0,6.4,.467,4.0,7.7,.519,.601,3.7,4.1,.897,0.4,1.9,2.3,1.1,1.6,0.1,1.4,1.9,20.7
368,Terry Rozier,SG,26,CHO,8,8,31.0,6.9,14.5,.474,3.4,7.6,.443,3.5,6.9,.509,.591,3.5,4.3,.824,0.6,2.5,3.1,2.8,1.0,0.6,2.0,2.4,20.6
369,Ricky Rubio,PG,30,MIN,8,3,23.6,2.3,5.8,.391,0.6,2.3,.278,1.6,3.5,.464,.446,1.0,1.1,.889,0.4,2.4,2.8,4.9,1.5,0.0,1.5,2.6,6.1
370,D'Angelo Russell,PG,24,MIN,8,7,30.1,7.4,16.4,.450,3.0,7.4,.407,4.4,9.0,.486,.542,2.3,3.3,.692,0.5,2.5,3.0,5.1,1.3,0.4,3.5,2.5,20.0
371,Domantas Sabonis,PF,24,IND,8,8,37.1,8.0,13.9,.577,1.1,2.1,.529,6.9,11.8,.585,.617,3.6,5.4,.674,2.4,9.0,11.4,6.4,0.8,0.6,3.8,4.1,20.8
372,Luka Šamanić,PF,21,SAS,3,0,2.7,0.3,1.7,.200,0.3,0.7,.500,0.0,1.0,.000,.300,0.3,0.7,.500,0.0,0.0,0.0,0.0,0.0,0.0,0.0,0.0,1.3
373,JaKarr Sampson,PF,27,IND,3,0,4.3,0.7,1.0,.667,0.0,0.3,.000,0.7,0.7,1.000,.667,1.0,1.0,1.000,0.0,1.0,1.0,0.0,0.0,0.3,0.0,1.0,2.3
374,Dario Šarić,PF,26,PHO,4,0,16.5,4.0,7.8,.516,1.8,4.0,.438,2.3,3.8,.600,.629,1.5,1.8,.857,0.5,4.0,4.5,1.0,0.5,0.0,1.8,2.0,11.3
375,Tomáš Satoranský,SG,29,CHI,3,0,22.7,2.3,5.0,.467,0.7,2.0,.333,1.7,3.0,.556,.533,1.0,1.0,1.000,0.7,1.7,2.3,6.0,1.3,0.3,2.7,0.7,6.3
376,Dennis Schröder,SG,27,LAL,9,9,30.7,5.8,13.4,.430,1.2,3.8,.324,4.6,9.7,.471,.475,1.9,2.3,.810,0.4,3.7,4.1,4.7,0.6,0.1,2.7,2.4,14.7
377,Mike Scott,PF,32,PHI,5,0,16.0,1.4,4.2,.333,1.0,3.8,.263,0.4,0.4,1.000,.452,0.4,0.6,.667,0.6,2.0,2.6,0.0,0.4,0.2,0.6,1.2,4.2
378,Collin Sexton,SG,22,CLE,8,8,37.4,9.8,18.4,.531,2.0,3.9,.516,7.8,14.5,.534,.585,3.6,4.4,.829,0.5,1.6,2.1,3.5,1.4,0.3,2.1,2.9,25.1
379,Landry Shamet,SG,23,BRK,9,0,17.1,1.3,4.3,.308,0.9,3.3,.267,0.4,1.0,.444,.410,1.0,1.1,.900,0.2,1.1,1.3,0.7,0.7,0.1,0.9,1.2,4.6
380,Pascal Siakam,PF,26,TOR,6,6,35.3,7.3,17.0,.431,1.7,5.7,.294,5.7,11.3,.500,.480,3.7,4.8,.759,1.8,5.8,7.7,3.5,0.8,0.7,2.7,4.3,20.0
381,Chris Silva,PF,24,MIA,3,0,3.7,0.3,0.3,1.000,0.0,0.0,,0.3,0.3,1.000,1.000,0.7,0.7,1.000,0.3,1.3,1.7,0.3,0.0,0.3,1.3,1.0,1.3
382,Ben Simmons,PG,24,PHI,9,9,32.7,5.1,10.1,.505,0.1,0.2,.500,5.0,9.9,.506,.511,3.1,5.1,.609,0.8,8.0,8.8,7.0,1.4,1.2,3.6,3.1,13.4
383,Anfernee Simons,SG,21,POR,7,0,11.0,1.6,4.6,.344,1.1,3.3,.348,0.4,1.3,.333,.469,0.6,0.9,.667,0.0,1.9,1.9,0.4,0.1,0.3,0.3,1.3,4.9
384,Deividas Sirvydis,SG,20,DET,1,0,1.0,0.0,0.0,,0.0,0.0,,0.0,0.0,,,0.0,0.0,,0.0,0.0,0.0,0.0,0.0,0.0,0.0,0.0,0.0
385,Marcus Smart,PG,26,BOS,8,8,33.1,3.6,9.8,.372,2.1,5.3,.405,1.5,4.5,.333,.481,2.8,3.6,.759,0.8,1.8,2.5,6.6,1.5,0.8,1.6,2.4,12.1
386,Dennis Smith Jr.,PG,23,NYK,1,0,18.0,1.0,5.0,.200,0.0,2.0,.000,1.0,3.0,.333,.200,2.0,2.0,1.000,0.0,2.0,2.0,2.0,1.0,0.0,1.0,4.0,4.0
387,Ish Smith,PG,32,WAS,8,0,18.1,2.3,5.8,.391,0.4,1.1,.333,1.9,4.6,.405,.424,0.4,0.9,.429,0.5,3.0,3.5,3.8,0.4,0.4,1.0,1.0,5.3
388,Jalen Smith,PF,20,PHO,2,0,10.0,1.0,2.5,.400,0.0,0.5,.000,1.0,2.0,.500,.400,0.0,1.0,.000,1.5,1.0,2.5,0.5,0.0,0.5,0.5,0.5,2.0
389,Cassius Stanley,SG,21,IND,2,0,2.0,1.0,1.5,.667,0.5,0.5,1.000,0.5,1.0,.500,.833,0.0,0.0,,0.5,0.0,0.5,0.0,0.0,0.0,0.5,0.5,2.5
390,Lamar Stevens,PF,23,CLE,5,0,12.6,1.4,4.2,.333,0.2,0.8,.250,1.2,3.4,.353,.357,1.0,1.2,.833,0.2,2.0,2.2,0.2,0.6,0.0,0.6,0.8,4.0
391,Isaiah Stewart,C,19,DET,6,0,18.7,2.0,4.2,.480,0.0,0.0,,2.0,4.2,.480,.480,0.5,0.8,.600,2.8,2.3,5.2,0.7,0.2,0.8,0.7,2.8,4.5
392,Max Strus,SF,24,MIA,1,0,12.0,3.0,5.0,.600,1.0,3.0,.333,2.0,2.0,1.000,.700,0.0,0.0,,0.0,0.0,0.0,1.0,0.0,0.0,0.0,0.0,7.0
393,Edmond Sumner,SG,25,IND,1,0,2.0,0.0,0.0,,0.0,0.0,,0.0,0.0,,,0.0,0.0,,0.0,0.0,0.0,0.0,0.0,0.0,0.0,0.0,0.0
394,Jae'Sean Tate,SF,25,HOU,6,0,25.3,2.7,5.5,.485,0.7,2.0,.333,2.0,3.5,.571,.545,1.2,1.8,.636,1.2,3.3,4.5,1.3,0.7,0.2,1.3,3.0,7.2
395,Jayson Tatum,SF,22,BOS,9,9,34.6,9.7,20.7,.468,3.6,7.9,.451,6.1,12.8,.478,.554,3.4,3.9,.886,0.3,7.0,7.3,4.0,1.0,0.9,2.2,1.8,26.3
396,Jeff Teague,PG,32,BOS,7,1,20.6,2.3,6.9,.333,1.0,1.7,.583,1.3,5.1,.250,.406,1.9,2.3,.813,0.4,2.1,2.6,2.7,1.7,0.3,0.9,1.7,7.4
397,Garrett Temple,SG,34,CHI,8,0,25.3,2.6,6.6,.396,1.6,4.6,.351,1.0,2.0,.500,.519,0.6,0.9,.714,0.8,1.3,2.0,2.0,0.9,0.1,1.3,2.8,7.5
398,Tyrell Terry,PG,20,DAL,4,0,3.5,0.3,1.3,.200,0.0,0.8,.000,0.3,0.5,.500,.200,0.0,0.3,.000,0.0,0.3,0.3,0.5,0.3,0.0,0.0,0.3,0.5
399,Daniel Theis,C,28,BOS,9,9,21.8,3.2,5.9,.547,0.4,2.2,.200,2.8,3.7,.758,.585,0.2,0.7,.333,1.0,3.3,4.3,1.2,0.3,1.0,1.0,2.2,7.1
400,Brodric Thomas,SG,24,HOU,3,0,6.3,0.3,1.7,.200,0.0,1.3,.000,0.3,0.3,1.000,.200,1.0,1.7,.600,0.3,0.7,1.0,1.3,0.0,0.0,1.0,1.7,1.7
401,Matt Thomas,SG,26,TOR,3,0,15.7,2.3,5.7,.412,2.0,4.0,.500,0.3,1.7,.200,.588,0.3,0.3,1.000,0.0,1.7,1.7,1.7,0.7,0.0,0.3,0.7,7.0
402,Tristan Thompson,PF,29,BOS,8,8,23.1,3.4,6.4,.529,0.0,0.0,,3.4,6.4,.529,.529,1.6,2.5,.650,3.1,5.4,8.5,0.8,0.3,0.8,1.3,2.8,8.4
403,Sindarius Thornwell,SG,26,NOP,2,0,5.0,0.5,1.0,.500,0.0,0.5,.000,0.5,0.5,1.000,.500,0.0,0.0,,0.0,0.5,0.5,0.0,1.5,0.0,0.0,0.0,1.0
404,Matisse Thybulle,SG,23,PHI,9,0,12.6,0.8,2.4,.318,0.3,1.6,.214,0.4,0.9,.500,.386,0.1,0.1,1.000,0.1,0.9,1.0,0.9,0.8,0.6,0.2,1.1,2.0
405,Xavier Tillman Sr.,PF,22,MEM,3,0,18.3,2.3,5.0,.467,0.0,0.3,.000,2.3,4.7,.500,.467,0.7,0.7,1.000,0.3,2.7,3.0,0.7,0.7,0.3,0.3,1.3,5.3
406,Obi Toppin,PF,22,NYK,1,0,24.0,3.0,12.0,.250,3.0,7.0,.429,0.0,5.0,.000,.375,0.0,0.0,,0.0,3.0,3.0,1.0,0.0,2.0,0.0,0.0,9.0
407,Juan Toscano-Anderson,SG,27,GSW,6,2,15.0,1.2,1.5,.778,0.3,0.7,.500,0.8,0.8,1.000,.889,0.5,0.8,.600,0.2,3.2,3.3,1.8,0.3,0.7,0.8,1.7,3.2
408,Karl-Anthony Towns,C,25,MIN,2,2,30.0,6.0,14.5,.414,1.5,4.5,.333,4.5,10.0,.450,.466,5.5,5.5,1.000,3.0,8.5,11.5,5.0,1.0,3.0,3.0,3.5,19.0
409,Gary Trent Jr.,SG,22,POR,6,0,22.2,4.0,9.2,.436,2.5,5.5,.455,1.5,3.7,.409,.573,0.8,1.3,.625,0.2,1.5,1.7,0.8,0.3,0.0,0.5,1.2,11.3
410,P.J. Tucker,PF,35,HOU,6,6,33.8,1.8,3.7,.500,1.2,2.2,.538,0.7,1.5,.444,.659,0.3,0.7,.500,1.2,4.5,5.7,1.0,1.2,0.7,1.8,3.5,5.2
411,Myles Turner,C,24,IND,8,8,29.3,4.5,9.6,.468,1.1,4.5,.250,3.4,5.1,.659,.526,1.8,2.0,.875,0.9,4.6,5.5,0.8,1.6,4.1,1.1,3.6,11.9
412,Jonas Valančiūnas,C,28,MEM,8,8,28.4,5.5,10.8,.512,0.5,1.3,.400,5.0,9.5,.526,.535,3.5,4.8,.737,2.5,8.9,11.4,2.0,0.9,1.0,2.6,3.4,15.0
413,Denzel Valentine,SG,27,CHI,6,0,17.5,2.7,5.7,.471,1.7,3.7,.455,1.0,2.0,.500,.618,0.3,0.3,1.000,0.3,4.0,4.3,1.5,1.3,0.2,0.3,0.7,7.3
414,Jarred Vanderbilt,PF,21,MIN,6,0,14.7,2.5,3.8,.652,0.0,0.0,,2.5,3.8,.652,.652,1.3,2.8,.471,1.8,3.5,5.3,1.8,1.7,0.7,0.7,1.2,6.3
415,Fred VanVleet,SG,26,TOR,7,7,35.6,7.4,16.9,.441,3.6,9.1,.391,3.9,7.7,.500,.547,2.1,2.7,.789,1.0,4.3,5.3,5.7,1.6,0.7,1.3,2.1,20.6
416,Devin Vassell,SG,20,SAS,7,0,15.7,1.9,4.3,.433,1.1,2.1,.533,0.7,2.1,.333,.567,0.1,0.1,1.000,0.1,2.4,2.6,1.0,1.0,0.4,0.4,1.1,5.0
417,Gabe Vincent,PG,24,MIA,1,0,15.0,2.0,6.0,.333,2.0,5.0,.400,0.0,1.0,.000,.500,1.0,1.0,1.000,0.0,2.0,2.0,2.0,0.0,0.0,0.0,4.0,7.0
418,Nikola Vučević,C,30,ORL,8,8,31.4,8.4,16.5,.508,2.4,5.4,.442,6.0,11.1,.539,.580,1.9,2.6,.714,1.8,8.8,10.5,3.5,1.0,0.6,1.1,1.1,21.0
419,Dean Wade,PF,24,CLE,8,0,11.0,0.8,2.3,.333,0.5,1.6,.308,0.3,0.6,.400,.444,0.3,0.3,1.000,0.1,0.8,0.9,0.6,0.5,0.1,0.5,1.1,2.3
420,Moritz Wagner,C,23,WAS,2,0,6.5,2.0,2.5,.800,0.5,0.5,1.000,1.5,2.0,.750,.900,0.0,0.0,,0.5,1.5,2.0,0.5,0.0,0.0,0.0,3.5,4.5
421,Lonnie Walker,SG,22,SAS,8,8,28.6,4.9,11.1,.438,1.8,4.4,.400,3.1,6.8,.463,.517,0.9,1.4,.636,0.6,2.6,3.3,1.8,0.5,0.6,0.9,2.4,12.4
422,John Wall,PG,30,HOU,4,4,36.0,8.8,18.0,.486,1.3,5.5,.227,7.5,12.5,.600,.521,4.3,4.8,.895,1.0,4.0,5.0,5.5,1.5,1.0,4.3,0.8,23.0
423,Brad Wanamaker,PG,31,GSW,8,0,16.5,1.3,4.0,.313,0.4,1.5,.250,0.9,2.5,.350,.359,1.8,2.1,.824,0.1,1.4,1.5,2.6,1.0,0.3,1.0,1.6,4.6
424,T.J. Warren,SF,27,IND,4,4,29.3,6.8,12.8,.529,0.0,1.8,.000,6.8,11.0,.614,.529,2.0,2.5,.800,0.5,3.0,3.5,1.3,0.5,0.0,1.0,4.0,15.5
425,P.J. Washington,PF,22,CHO,8,8,26.4,3.8,9.3,.405,1.0,2.6,.381,2.8,6.6,.415,.459,2.4,3.5,.679,1.8,4.6,6.4,2.8,1.1,0.9,2.3,3.1,10.9
426,Yuta Watanabe,SF,26,TOR,3,0,10.0,0.7,2.3,.286,0.7,1.3,.500,0.0,1.0,.000,.429,0.0,0.0,,0.7,2.0,2.7,0.3,0.3,0.7,0.3,1.3,2.0
427,Tremont Waters,PG,23,BOS,3,1,11.0,0.7,3.3,.200,0.3,1.3,.250,0.3,2.0,.167,.250,1.3,1.3,1.000,0.3,0.3,0.7,2.7,0.7,0.0,2.3,1.3,3.0
428,Paul Watson,SF,26,TOR,2,0,3.0,0.0,0.5,.000,0.0,0.5,.000,0.0,0.0,,.000,0.0,0.0,,0.0,1.0,1.0,0.0,0.0,0.5,0.0,0.5,0.0
429,Russell Westbrook,PG,32,WAS,6,6,37.7,7.8,19.8,.395,1.3,4.7,.286,6.5,15.2,.429,.429,3.5,5.5,.636,1.2,9.5,10.7,11.8,1.5,0.2,5.0,3.2,20.5
430,Coby White,PG,20,CHI,9,9,34.2,6.6,15.4,.424,2.8,7.4,.373,3.8,8.0,.472,.514,2.7,3.1,.857,0.6,4.6,5.1,5.6,0.2,0.1,2.8,2.1,18.6
431,Derrick White,SG,26,SAS,1,0,23.0,3.0,9.0,.333,1.0,4.0,.250,2.0,5.0,.400,.389,2.0,2.0,1.000,0.0,1.0,1.0,1.0,0.0,2.0,2.0,1.0,9.0
432,Hassan Whiteside,C,31,SAC,6,0,11.8,2.2,4.5,.481,0.0,0.0,,2.2,4.5,.481,.481,1.0,2.2,.462,1.2,3.2,4.3,0.3,0.2,1.3,0.8,1.5,5.3
433,Andrew Wiggins,PF,25,GSW,8,8,32.6,6.6,15.4,.431,1.9,4.6,.405,4.8,10.8,.442,.492,2.6,3.6,.724,1.0,3.8,4.8,2.4,0.5,1.3,2.0,2.6,17.8
434,Grant Williams,PF,22,BOS,8,0,19.1,2.3,5.0,.450,0.9,2.1,.412,1.4,2.9,.478,.538,0.3,0.6,.400,1.4,2.3,3.6,0.8,0.6,0.6,0.9,3.1,5.6
435,Kenrich Williams,PF,26,OKC,7,0,11.4,0.6,2.6,.222,0.1,0.9,.167,0.4,1.7,.250,.250,0.9,0.9,1.000,0.7,1.3,2.0,1.0,0.4,0.3,0.7,1.3,2.1
436,Lou Williams,PG,34,LAC,9,0,20.8,3.6,8.3,.427,1.0,2.4,.409,2.6,5.9,.434,.487,1.1,1.6,.714,0.2,1.9,2.1,2.9,0.6,0.0,0.7,0.9,9.2
437,Patrick Williams,PF,19,CHI,9,9,24.6,3.7,7.8,.471,0.9,1.9,.471,2.8,5.9,.472,.529,1.8,2.1,.842,0.6,2.6,3.1,1.0,0.6,0.9,1.6,2.4,10.0
438,Robert Williams,C,23,BOS,8,0,16.4,3.0,3.9,.774,0.0,0.1,.000,3.0,3.8,.800,.774,0.8,0.9,.857,2.5,4.0,6.5,0.6,1.1,1.5,1.4,1.3,6.8
439,Zion Williamson,PF,20,NOP,8,8,31.5,8.3,14.8,.559,0.0,0.3,.000,8.3,14.5,.569,.559,4.9,7.8,.629,3.4,4.8,8.1,1.1,1.5,0.5,2.8,2.4,21.4
440,D.J. Wilson,PF,24,MIL,5,0,10.6,1.0,3.0,.333,1.0,2.4,.417,0.0,0.6,.000,.500,0.2,0.4,.500,0.4,2.6,3.0,0.4,0.2,0.4,0.6,1.8,3.2
441,Dylan Windler,SF,24,CLE,1,0,9.0,1.0,5.0,.200,1.0,4.0,.250,0.0,1.0,.000,.300,0.0,0.0,,0.0,0.0,0.0,0.0,2.0,0.0,1.0,0.0,3.0
442,James Wiseman,C,19,GSW,8,8,21.3,4.5,9.6,.468,0.6,1.5,.417,3.9,8.1,.477,.500,1.6,2.6,.619,1.1,4.9,6.0,0.4,0.5,1.6,1.8,3.6,11.3
443,Christian Wood,C,25,HOU,5,5,35.6,9.4,17.0,.553,1.2,4.4,.273,8.2,12.6,.651,.588,3.6,5.0,.720,2.0,8.0,10.0,1.6,1.0,2.0,1.6,2.8,23.6
444,Robert Woodard,SF,21,SAC,2,0,4.0,1.5,4.0,.375,0.0,1.0,.000,1.5,3.0,.500,.375,0.0,1.0,.000,1.5,2.0,3.5,0.0,0.0,0.0,0.5,0.0,3.0
445,Delon Wright,SG,28,DET,8,3,23.3,2.3,5.5,.409,0.8,2.1,.353,1.5,3.4,.444,.477,2.0,2.4,.842,0.8,2.0,2.8,3.1,0.6,0.5,1.3,0.8,7.3
446,Thaddeus Young,PF,32,CHI,5,0,24.4,4.0,7.2,.556,0.6,1.8,.333,3.4,5.4,.630,.597,0.6,0.6,1.000,1.2,2.4,3.6,2.6,0.8,0.4,3.0,2.6,9.2
447,Trae Young,PG,22,ATL,8,8,33.4,7.3,16.9,.430,1.8,5.6,.311,5.5,11.3,.489,.481,9.6,11.0,.875,1.4,2.9,4.3,8.4,0.5,0.1,4.8,1.9,25.9
448,Cody Zeller,C,28,CHO,1,1,19.0,3.0,6.0,.500,0.0,2.0,.000,3.0,4.0,.750,.500,0.0,1.0,.000,1.0,2.0,3.0,0.0,3.0,1.0,1.0,1.0,6.0
449,Ivica Zubac,C,23,LAC,9,0,18.0,2.9,3.8,.765,0.0,0.0,,2.9,3.8,.765,.765,2.4,3.0,.815,1.4,2.3,3.8,0.9,0.4,0.9,0.9,2.3,8.2
